"","LAT","LONG","seasonal","tempWarmest","tempColdest","preciWettest","preciDriest","preciCV","PAR_SPRING","growingL","conseqCold","conseqFrFree","RelHumidSp","dayLSp","aridity"
"6122",55.8364,13.3075,6187,201,-31,71,37,22,71.57222,8,17.9,158.41,71.525199,13.222599,1.27999997
"6121",55.8422,13.3019,6173,201,-31,71,37,22,71.57222,8,17.9,158.41,71.525199,13.222599,1.27999997
"6119",55.7,13.2,6173,202,-27,68,35,21,71.57222,8,16.05,154.32,71.894096,13.199299,1.13800001
"6116",55.8,13.1369,6215,204,-29,69,34,22,71.57222,8,20.43,171.37,71.894096,13.199299,1.09599996
"6115",55.8,13.1367,6215,204,-29,69,34,22,71.57222,8,20.43,171.37,71.894096,13.199299,1.09599996
"6114",55.8097,13.1342,6199,202,-30,69,35,22,71.57222,8,20.43,171.37,71.894096,13.199299,1.09599996
"6111",55.7989,13.1219,6200,203,-29,69,34,22,71.57222,8,20.43,171.37,71.894096,13.199299,1.09599996
"6110",55.7958,13.1217,6200,203,-29,69,34,22,71.57222,8,20.43,171.37,71.894096,13.199299,1.09599996
"6108",55.7989,13.1206,6200,203,-29,69,34,22,71.57222,8,20.43,171.37,71.894096,13.199299,1.09599996
"6107",55.7942,13.1222,6200,203,-29,69,34,22,71.57222,8,20.43,171.37,71.894096,13.199299,1.09599996
"6106",55.7931,13.1186,6200,203,-29,69,34,22,71.57222,8,20.43,171.37,71.894096,13.199299,1.09599996
"6104",55.7,13.2,6173,202,-27,68,35,21,71.57222,8,16.05,154.32,71.894096,13.199299,1.13800001
"6103",55.7,13.2,6173,202,-27,68,35,21,71.57222,8,16.05,154.32,71.894096,13.199299,1.13800001
"6102",55.6,13.2,6139,201,-27,67,35,21,71.57222,8,16.05,154.32,71.894096,13.199299,1.07799995
"6101",55.6,13.2,6139,201,-27,67,35,21,71.57222,8,16.05,154.32,71.894096,13.199299,1.07799995
"6100",55.6,13.2,6139,201,-27,67,35,21,71.57222,8,16.05,154.32,71.894096,13.199299,1.07799995
"6099",55.6575,13.2386,6183,204,-26,67,34,22,71.57222,8,16.05,154.32,71.894096,13.199299,1.07799995
"6098",55.6561,13.2178,6169,203,-26,67,34,22,71.57222,8,16.05,154.32,71.894096,13.199299,1.07799995
"6097",55.6481,13.2264,6169,203,-26,67,34,22,71.57222,8,16.05,154.32,71.894096,13.199299,1.07799995
"6096",55.6472,13.2225,6169,203,-26,67,34,22,71.57222,8,16.05,154.32,71.894096,13.199299,1.07799995
"6095",55.6486,13.2161,6174,203,-26,67,34,21,71.57222,8,16.05,154.32,71.894096,13.199299,1.07799995
"6093",55.6497,13.2203,6169,203,-26,67,34,22,71.57222,8,16.05,154.32,71.894096,13.199299,1.07799995
"6092",55.6514,13.2233,6169,203,-26,67,34,22,71.57222,8,16.05,154.32,71.894096,13.199299,1.07799995
"6091",55.6525,13.215,6169,203,-26,67,34,21,71.57222,8,16.05,154.32,71.894096,13.199299,1.07799995
"6090",55.6525,13.2197,6169,203,-26,67,34,22,71.57222,8,16.05,154.32,71.894096,13.199299,1.07799995
"6177",62.6322,17.69,8352,198,-128,77,40,23,68.158333,6,25.43,122.48,74.726997,13.7902,1.403
"6221",62.806,18.1896,8626,204,-126,76,39,24,74.995834,6,37.6,112.09,88.130798,13.7902,1.442
"6244",62.9169,18.4728,8702,203,-132,75,38,24,74.995834,6,40.96,110.77,74.691299,13.8688,1.39600003
"6241",62.9614,18.3608,8685,204,-131,74,37,24,74.995834,6,43.9,96.62,86.811302,13.8688,1.39600003
"6240",62.9622,18.35,8686,204,-130,74,37,24,74.995834,6,43.9,96.62,86.811302,13.8688,1.39600003
"6238",62.9619,18.35,8686,204,-130,74,37,24,74.995834,6,43.9,96.62,86.811302,13.8688,1.39600003
"6236",62.9617,18.36,8685,204,-131,74,37,24,74.995834,6,43.9,96.62,86.811302,13.8688,1.39600003
"6235",62.9611,18.3589,8685,204,-131,74,37,24,74.995834,6,43.9,96.62,86.811302,13.8688,1.39600003
"6220",62.806,18.1896,8626,204,-126,76,39,24,74.995834,6,37.6,112.09,88.130798,13.7902,1.442
"6218",63.0172,18.3283,8705,208,-127,72,36,25,66.597221,6,43.9,96.62,88.130798,13.8688,1.41400003
"6217",63.0169,18.3283,8705,208,-127,72,36,25,66.597221,6,43.9,96.62,88.130798,13.8688,1.41400003
"6216",63.0167,18.3283,8705,208,-127,72,36,25,66.597221,6,43.9,96.62,88.130798,13.8688,1.41400003
"6215",63.0172,18.3281,8705,208,-127,72,36,25,66.597221,6,43.9,96.62,88.130798,13.8688,1.41400003
"6214",63.0175,18.3281,8705,208,-127,72,36,25,66.597221,6,43.9,96.62,88.130798,13.8688,1.41400003
"6210",62.8839,18.1836,8572,207,-124,73,37,25,74.995834,6,37.6,112.09,88.130798,13.869099,1.39499998
"6209",62.8836,18.1842,8572,207,-124,73,37,25,74.995834,6,37.6,112.09,88.130798,13.869099,1.39499998
"6207",55.7711,14.1217,6144,199,-27,68,35,20,79.0625,8,20.22,181.7,70.9589,13.196999,1.05599999
"6201",55.7719,14.1211,6144,199,-27,68,35,20,79.0625,8,20.22,181.7,70.9589,13.196999,1.05599999
"6200",55.7714,14.1214,6144,199,-27,68,35,20,79.0625,8,20.22,181.7,70.9589,13.196999,1.05599999
"6199",55.7711,14.1206,6144,199,-27,68,35,20,79.0625,8,20.22,181.7,70.9589,13.196999,1.05599999
"6198",55.7708,14.1331,6129,198,-27,68,35,20,79.0625,8,20.22,181.7,70.9589,13.196999,1.05599999
"6197",55.7714,14.1333,6129,198,-27,68,35,20,79.0625,8,20.22,181.7,70.9589,13.196999,1.05599999
"6195",55.7708,14.1342,6140,198,-27,68,35,20,79.0625,8,20.22,181.7,70.9589,13.196999,1.05599999
"6194",55.7706,14.1342,6140,198,-27,68,35,20,79.0625,8,20.22,181.7,70.9589,13.196999,1.05599999
"6193",55.7694,14.1347,6140,198,-27,68,35,20,79.0625,8,20.22,181.7,70.9589,13.196999,1.05599999
"6192",55.7692,14.1369,6140,198,-27,68,35,20,79.0625,8,20.22,181.7,70.9589,13.196999,1.05599999
"6191",55.7689,14.1375,6140,198,-27,68,35,20,79.0625,8,20.22,181.7,70.9589,13.196999,1.05599999
"6189",55.7686,14.1383,6140,198,-27,68,35,20,79.0625,8,20.22,181.7,70.9589,13.196999,1.05599999
"6163",62.6425,17.7356,8376,196,-129,78,41,23,68.158333,6,30.55,126.17,75.657897,13.7902,1.403
"6154",62.6422,17.7406,8376,196,-129,78,41,23,68.158333,6,30.55,126.17,75.657897,13.7902,1.403
"8264",41.6833,2.8,5312,276,53,108,27,33,95.711113,10,0.12,271.82,73.542098,12.715499,0.70499998
"8265",48,19,7536,243,-63,84,40,24,78.762497,8,21.36,191.86,73.644401,12.9052,0.86199999
"7256",50.95,7.5,5835,215,-19,86,57,13,68.619446,8,15.54,89.41,77.934097,13.001199,1.227
"366",46.6667,4.11667,6050,246,-6,81,49,17,80.318054,9,8.52,184.64,81.849998,12.8695,0.963
"5245",51.2,0.6,4804,217,11,71,41,19,71.040276,10,3.44,103.07,80.103698,13.020299,1.18200004
"5264",51.3,1.1,4758,212,14,68,37,18,71.040276,12,3.48,111.54,79.939697,13.0205,1.24100006
"7195",50.95,6.9666,5943,235,-8,83,52,17,68.619446,9,11.67,171.92,82.069503,13.001199,1.19400001
"7210",52.7333,15.2333,7826,246,-51,70,28,27,68.877777,8,21.78,191.97,77.703598,13.082799,0.77399999
"7246",50.8167,8.7667,6317,230,-24,71,45,12,68.24028,8,16.98,186.76,78.895401,13.000599,1.06500006
"7268",52.6969,10.981,6366,227,-25,66,35,19,66.222221,8,17.21,143.48,79.576202,13.0831,0.99199998
"7262",50.5,8.5,6322,227,-25,70,46,11,68.24028,9,18.89,191.02,78.895401,13.0009,1.04200006
"7238",41.59,2.49,5347,268,47,99,36,24,95.711113,10,0.09,298.29,64.327903,12.715499,0.71399999
"7250",51.9183,10.1138,6114,218,-28,82,47,19,66.611115,8,18.03,155.82,77.153999,13.040599,1.29100001
"7265",50,10,6718,238,-34,74,38,18,74.022224,8,17.1,181.34,80.331703,12.9806,1.05700004
"5719",54.1,-6.2,3889,190,17,98,61,16,59.719444,9,2.63,189.2,83.420196,13.1281,2.33599997
"5798",53.1,-3.3,4388,190,3,94,51,20,68.306946,9,3.69,206.01,81.814498,13.0836,2.02200007
"5816",52,-1.7,4646,205,-1,64,39,13,65.756943,9,7.51,186.21,79.384803,13.0409,1.21800005
"5821",56.7333,-5.98333,3898,166,4,222,89,29,60.950001,8,3.79,148.96,83.463401,13.246999,4.62099981
"5715",51.1,0.6,4833,214,9,76,44,20,71.040276,10,3.44,103.07,80.11,13.020299,1.23000002
"5720",53.3,-1.6,4654,193,-4,109,68,14,62.997223,8,8.24,138.81,79.317001,13.1055,1.82000005
"5820",55.9,-3.3,4210,187,-3,78,46,16,63.013889,8,5.81,41.33,81.058998,13.2227,1.40799999
"5737",51.3,0.1,4879,216,2,72,46,15,71.040276,10,5.46,219.83,78.472,13.020199,1.29799998
"5755",51.3,1.1,4758,212,14,68,37,18,71.040276,12,3.48,111.54,79.939697,13.0205,1.24100006
"5782",53.698649,-2.965934,4643,196,1,96,51,21,68.306946,9,2.91,224.86,81.6427,13.128999,1.53100002
"5784",56.4,-5.2,4391,182,-1,226,92,29,60.950001,8,5.87,82.25,83.167503,13.2468,5.83400011
"5146",52.2,-1.7,4588,209,4,60,38,12,64.487503,9,6.58,170.58,80.791,13.0618,1.097
"5133",52.2,-1.7,4588,209,4,60,38,12,64.487503,9,6.58,170.58,80.791,13.0618,1.097
"5709",54.6,-2.6,4582,189,-7,108,59,21,60.227779,8,10.26,99.69,80.364997,13.1538,2.21700001
"5795",53.2,-1.7,4657,199,1,103,66,14,62.997223,8,8.24,138.81,79.468696,13.1055,2.20000005
"5750",54.6,-3.1,4535,184,-10,117,63,22,60.227779,8,5.12,207.64,80.364997,13.152799,6.41300011
"5749",54.6,-3.1,4535,184,-10,117,63,22,60.227779,8,5.12,207.64,80.364997,13.152799,6.41300011
"5780",53.1,-1,4862,213,4,58,43,8,62.997223,9,5.68,37.71,81.268302,13.083,1.18900001
"5756",52.2,0.8,4869,205,-6,56,33,12,66.523613,9,4.75,96.95,80.451896,13.061499,1.01300001
"5723",51.3,1,4806,209,8,72,42,17,71.040276,12,3.48,111.54,80.103698,13.0205,1.19700003
"5717",54.6,-3.2,4523,183,-9,118,64,21,60.227779,8,5.12,207.64,80.364997,13.152799,6.56699991
"5804",50.8,-1.1,4768,221,12,91,47,23,79.26667,12,2.55,230.6,79.894897,13.000399,1.18700004
"5752",55.7,-3.8,4281,178,-10,123,64,22,63.013889,8,6.03,93.34,81.058998,13.197999,2.08599997
"5799",56.000421,-3.404258,4352,192,1,71,40,17,61.448612,8,4.9,160.4,81.974197,13.222,1.71899998
"5713",51.3,0.5,4780,218,10,67,39,17,71.040276,10,3.41,177.22,80.103698,13.020299,1.17299998
"5728",51.3,1.1,4758,212,14,68,37,18,71.040276,12,3.48,111.54,79.939697,13.0205,1.24100006
"5787",54.8,-3.2,4457,190,-1,100,53,21,60.227779,8,5.31,190.28,81.520797,13.1765,3.79099989
"5788",50.8,-2,4461,212,11,91,45,22,79.26667,12,2.41,42.24,80.032302,13.001099,1.34800005
"5793",51.3,0.6,4872,210,2,72,44,17,71.040276,10,3.41,177.22,77.992301,13.020299,1.18200004
"5803",51.7,-4.7,4280,191,21,110,55,25,82.154167,13,2.09,234.08,81.858802,13.040599,1.69299996
"5758",50.3,-5.2,4177,190,20,136,59,30,77.316666,14,1.34,142.41,78.408798,12.9806,2.13499999
"8274",29.2144,-13.4811,2657,266,120,37,0,87,123.738892,1,0,364.49,59.271198,12.4468,0.102
"7034",48,19,7536,243,-63,84,40,24,78.762497,8,21.36,191.86,73.644401,12.9052,0.86199999
"6899",49,11,6747,224,-48,95,46,25,76.699997,8,19.05,163.71,80.7714,12.9425,1.19500005
"6173",62.8717,18.3419,8650,203,-130,75,38,24,74.995834,6,40.96,110.77,86.811302,13.8688,1.39600003
"6284",55.5796,14.3336,6075,201,-19,62,32,21,79.0625,8,21.5,204.83,70.9589,13.196999,0.98299998
"6276",55.5796,14.3336,6075,201,-19,62,32,21,79.0625,8,21.5,204.83,70.9589,13.196999,0.98299998
"6258",55.5796,14.3336,6075,201,-19,62,32,21,79.0625,8,21.5,204.83,70.9589,13.196999,0.98299998
"6252",55.5796,14.3336,6075,201,-19,62,32,21,79.0625,8,21.5,204.83,70.9589,13.196999,0.98299998
"6255",55.5796,14.3336,6075,201,-19,62,32,21,79.0625,8,21.5,204.83,70.9589,13.196999,0.98299998
"6166",62.6425,17.7372,8376,196,-129,78,41,23,68.158333,6,30.55,126.17,75.657897,13.7902,1.403
"6085",55.7097,13.2145,6182,200,-30,69,36,21,71.57222,8,16.05,154.32,71.894096,13.199299,1.13800001
"6025",62.6437,17.7339,8376,196,-129,78,41,23,68.158333,6,30.55,126.17,75.657897,13.7902,1.403
"6268",55.5796,14.3336,6075,201,-19,62,32,21,79.0625,8,21.5,204.83,70.9589,13.196999,0.98299998
"6180",62.6322,17.6906,8352,198,-128,77,40,23,68.158333,6,25.43,122.48,74.726997,13.7902,1.403
"6041",56.0328,14.775,6220,205,-26,65,34,20,70.53611,7,25.12,205.67,71.120597,13.220999,0.96600002
"5829",55.3838,14.0612,6141,202,-21,62,32,20,79.0625,8,18.58,188.39,71.308601,13.196999,0.97100002
"8427",56.0648,13.9707,6234,204,-30,71,36,21,72.743057,7,19.11,164.5,71.525199,13.2213,1.18499994
"8218",62.877,18.177,8592,205,-126,74,38,24,74.995834,6,37.6,112.09,88.130798,13.869099,1.39499998
"6023",55.7509,13.3712,6160,202,-27,69,36,22,71.57222,8,17.9,158.41,71.525199,13.199299,1.17200005
"5835",63.324,18.484,8845,206,-137,72,35,25,66.597221,6,48.31,86.62,86.811302,13.8688,1.34800005
"5831",56.3333,15.9667,6495,211,-31,62,32,21,70.53611,7,27.94,164.21,72.152702,13.2213,0.92500001
"5830",56.3333,15.9667,6495,211,-31,62,32,21,70.53611,7,27.94,164.21,72.152702,13.2213,0.92500001
"6086",58.9,11.2,6663,199,-40,91,39,27,73.202774,7,23.82,212.91,81.865196,13.3745,1.35099995
"6413",56.06,13.97,6234,204,-30,71,36,21,72.743057,7,19.11,164.5,71.525199,13.2213,1.18499994
"6412",56.0648,13.9707,6234,204,-30,71,36,21,72.743057,7,19.11,164.5,71.525199,13.2213,1.18499994
"6411",56.06,13.97,6234,204,-30,71,36,21,72.743057,7,19.11,164.5,71.525199,13.2213,1.18499994
"6087",56.4666,16.1284,6522,213,-31,61,31,22,80.493057,7,32.36,175.29,72.152702,13.2472,0.90100002
"6077",55.6942,13.4504,6189,203,-27,68,36,21,71.57222,8,15.83,156.8,71.525199,13.197999,1.17200005
"6076",55.6942,13.4504,6189,203,-27,68,36,21,71.57222,8,15.83,156.8,71.525199,13.197999,1.17200005
"6071",62.9308,18.3448,8652,206,-128,74,37,25,74.995834,6,43.9,96.62,86.811302,13.8688,1.39600003
"6069",62.9513,18.2763,8652,206,-128,74,37,24,74.995834,6,43.9,96.62,88.130798,13.8688,1.39499998
"6038",56.1,13.74,6245,203,-33,74,38,22,72.743057,7,19.11,164.5,71.525199,13.221899,1.26300001
"6036",56.1,13.74,6245,203,-33,74,38,22,72.743057,7,19.11,164.5,71.525199,13.221899,1.26300001
"6035",56.1,13.74,6245,203,-33,74,38,22,72.743057,7,19.11,164.5,71.525199,13.221899,1.26300001
"6034",56.1,13.74,6245,203,-33,74,38,22,72.743057,7,19.11,164.5,71.525199,13.221899,1.26300001
"6030",62.806,18.1896,8626,204,-126,76,39,24,74.995834,6,37.6,112.09,88.130798,13.7902,1.442
"6024",55.7509,13.3712,6160,202,-27,69,36,22,71.57222,8,17.9,158.41,71.525199,13.199299,1.17200005
"6021",56.06,14.29,6246,205,-27,69,34,21,70.53611,7,23.58,192.69,70.9589,13.2213,0.99800003
"6019",56.06,14.29,6246,205,-27,69,34,21,70.53611,7,23.58,192.69,70.9589,13.2213,0.99800003
"6017",62.9,18.4,8652,205,-128,74,37,25,74.995834,6,40.96,110.77,86.811302,13.8688,1.39600003
"6013",62.877,18.177,8592,205,-126,74,38,24,74.995834,6,37.6,112.09,88.130798,13.869099,1.39499998
"6012",62.877,18.177,8592,205,-126,74,38,24,74.995834,6,37.6,112.09,88.130798,13.869099,1.39499998
"6011",62.877,18.177,8592,205,-126,74,38,24,74.995834,6,37.6,112.09,88.130798,13.869099,1.39499998
"6010",62.877,18.177,8592,205,-126,74,38,24,74.995834,6,37.6,112.09,88.130798,13.869099,1.39499998
"5870",55.76,14.12,6129,198,-27,68,35,20,79.0625,8,20.22,181.7,70.9589,13.196999,1.05599999
"5867",55.76,14.12,6129,198,-27,68,35,20,79.0625,8,20.22,181.7,70.9589,13.196999,1.05599999
"5865",55.76,14.12,6129,198,-27,68,35,20,79.0625,8,20.22,181.7,70.9589,13.196999,1.05599999
"5860",62.6814,18.0165,8490,205,-121,77,40,24,74.995834,6,37.6,112.09,88.130798,13.7902,1.44200003
"5836",55.86,13.51,6204,201,-31,71,37,22,71.57222,8,17.22,157.62,71.525199,13.221899,1.24399996
"6231",62.96,18.2844,8689,201,-134,76,38,24,74.995834,6,43.9,96.62,75.657897,13.8688,1.39499998
"6212",63.0175,18.3239,8719,205,-131,74,37,24,66.597221,6,43.9,96.62,88.130798,13.8688,1.41400003
"6140",55.9392,13.5539,6195,200,-32,73,38,22,71.57222,8,17.22,157.62,71.525199,13.221899,1.24399996
"6138",55.9403,13.5511,6195,200,-32,73,38,22,71.57222,8,17.22,157.62,71.525199,13.221899,1.24399996
"6120",55.7,13.2,6173,202,-27,68,35,21,71.57222,8,16.05,154.32,71.894096,13.199299,1.13800001
"6118",55.7,13.2,6173,202,-27,68,35,21,71.57222,8,16.05,154.32,71.894096,13.199299,1.13800001
"6073",56.147363,15.814587,6429,209,-30,63,32,21,70.53611,7,25.57,168.04,71.765899,13.2213,0.956
"6022",56.06,14.29,6246,205,-27,69,34,21,70.53611,7,23.58,192.69,70.9589,13.2213,0.99800003
"6020",56.06,14.29,6246,205,-27,69,34,21,70.53611,7,23.58,192.69,70.9589,13.2213,0.99800003
"8227",62.7989,17.9103,8368,204,-120,74,38,24,68.158333,6,33.9,112.46,88.130798,13.7902,1.42799997
"8225",55.86,13.3103,6207,199,-33,72,37,22,71.57222,8,17.9,158.41,71.525199,13.222599,1.27999997
"8230",56.68,16.5,6552,212,-33,59,28,23,80.493057,7,26.59,173.87,72.491699,13.2472,0.84600002
"5856",63.0167,17.4914,8614,190,-148,78,38,24,67.784721,6,36.77,101.42,76.805603,13.869199,1.32700002
"8307",56.1,13.74,6245,203,-33,74,38,22,72.743057,7,19.11,164.5,71.525199,13.221899,1.26300001
"1409",62.8,18.2,8590,208,-122,74,38,25,74.995834,6,37.6,112.09,88.130798,13.7902,1.442
"6959",48.5,-1.41,4621,225,22,83,47,18,72.699997,9,3.96,230.53,80.978302,12.9238,1.05700004
"6961",38.3333,-3.53333,6838,342,19,68,5,48,99.941666,7,0.72,256.55,66.962303,12.637399,0.34
"6967",51.4083,-0.6383,5234,225,-3,71,43,14,65.756943,9,3.68,67.89,80.225196,13.020199,1.05900002
"6973",56.0648,13.9707,6234,204,-30,71,36,21,72.743057,7,19.11,164.5,71.525199,13.2213,1.18499994
"6974",56.0648,13.9707,6234,204,-30,71,36,21,72.743057,7,19.11,164.5,71.525199,13.2213,1.18499994
"6976",48.3,14.45,7178,244,-55,118,46,34,75.006943,8,20.09,197.26,78.406196,12.9236,1.20599997
"7516",55.58,14.334,6075,201,-19,62,32,21,79.0625,8,21.5,204.83,70.9589,13.196999,0.983
"6979",47.25,8.26,6186,219,-31,145,71,27,80.554169,8,17.79,205.29,82.862998,12.8872,1.77900004
"6980",52.3,30,9081,242,-100,87,30,34,73.808334,7,42.95,175.15,72.005599,13.0614,0.90799999
"6982",52.3,9.3,5967,217,-23,79,47,16,66.05278,8,15.29,180.36,77.041496,13.061499,1.26999998
"6985",49.3853,16.2544,6974,222,-59,87,30,40,74.837502,8,32.73,182.5,74.044799,12.961799,0.89600003
"6931",49.5,73.1,13022,270,-201,38,17,28,87.247223,11,101.52,108.04,62.739299,12.9623,0.34799999
"6043",62.801,18.079,8550,207,-122,74,38,25,74.995834,6,37.6,112.09,88.130798,13.7902,1.44200003
"6945",52.24,4.45,5232,205,2,87,44,21,76.09861,9,6.06,228.84,79.236999,13.061499,1.278
"7519",56.1509,15.7735,6444,212,-27,62,32,21,70.53611,7,25.57,168.04,71.765899,13.2213,0.956
"6960",48.5,-1.41,4621,225,22,83,47,18,72.699997,9,3.96,230.53,80.978302,12.9238,1.05700004
"6963",38.35,68.48,8389,360,-12,97,0,81,95.76667,4,6.67,241.92,75.222602,12.637399,0.465
"6965",58.4173,14.1576,6978,212,-69,70,31,27,70.440277,7,29.01,131.07,79.202598,13.3378,1.07700002
"6966",51.4083,-0.6383,5234,225,-3,71,43,14,65.756943,9,3.68,67.89,80.225196,13.020199,1.05900002
"6969",60,23.5,7905,214,-89,73,29,31,78.569443,7,56.17,159.86,76.535003,13.458499,1.16400003
"6971",41.7194,2.93056,5212,277,56,106,23,36,95.711113,10,0.12,271.82,73.542098,12.715499,0.72600001
"6975",48.3,14.45,7178,244,-55,118,46,34,75.006943,8,20.09,197.26,78.406196,12.9236,1.20599997
"7517",55.58,14.334,6075,201,-19,62,32,21,79.0625,8,21.5,204.83,70.9589,13.196999,0.983
"6978",52.3,21,7876,239,-60,70,22,39,71.326386,8,29.21,182.99,82.0251,13.061699,0.796
"6984",49.3853,16.2544,6974,222,-59,87,30,40,74.837502,8,32.73,182.5,74.044799,12.961799,0.89600003
"6903",49.4013,16.2326,6981,221,-59,88,30,40,74.837502,8,32.73,182.5,74.044799,12.961799,0.89600003
"6905",54.1,-6.2,3889,190,17,98,61,16,59.719444,9,2.63,189.2,83.420196,13.1281,2.33599997
"6916",58.3,25.3,8290,210,-92,74,28,30,72.199997,7,53.82,149.69,79.577301,13.338199,1.13600004
"8215",40.5,-8.32,4445,263,39,174,13,53,99.977776,9,0.22,321.08,71.351699,12.688699,1.00300002
"6046",62.801,18.079,8550,207,-122,74,38,25,74.995834,6,37.6,112.09,88.130798,13.7902,1.44200003
"6944",51.4083,-0.6383,5234,225,-3,71,43,14,65.756943,9,3.68,67.89,80.225196,13.020199,1.05900002
"6962",38.35,68.48,8389,360,-12,97,0,81,95.76667,4,6.67,241.92,75.222602,12.637399,0.465
"6968",60,23.5,7905,214,-89,73,29,31,78.569443,7,56.17,159.86,76.535003,13.458499,1.16400003
"6970",41.7194,2.93056,5212,277,56,106,23,36,95.711113,10,0.12,271.82,73.542098,12.715499,0.72600001
"8329",48,0.5,5391,241,2,69,50,11,75.354164,8,6.49,207.62,78.645896,12.905099,0.96100003
"7379",48.0333,7.7667,6433,251,-10,103,46,26,74.638886,9,11.54,140.74,82.327301,12.9054,1.17900002
"7080",40.12,-8.25,4636,298,57,133,9,53,99.977776,9,0.12,336.7,70.098602,12.6756,1.06200004
"7098",47,5,6355,253,-10,76,52,13,80.318054,9,10.58,206.83,81.966499,12.8694,1.02600002
"7158",47,15.5,7651,252,-66,123,31,43,82.701386,9,15.39,199.51,75.346702,12.8694,1.38
"7163",52.3721,9.73569,6089,222,-22,73,39,18,66.05278,8,16.61,176.57,81.538696,13.0614,1.09899998
"7165",51.3472,8.28844,5857,212,-22,90,60,12,66.27639,8,15.3,152.06,77.766899,13.0207,1.35000002
"7340",49.1833,15.8833,6993,226,-57,88,32,38,73.756943,8,31.45,184.14,75.014999,12.942399,0.84299999
"7372",47.0748,9.9042,6544,224,-55,132,57,27,80.554169,7,68.58,126.54,82.327697,12.8694,1.55999994
"7394",52.3,21,7876,239,-60,70,22,39,71.326386,8,29.21,182.99,82.0251,13.061699,0.796
"281",46.6667,4.11667,6050,246,-6,81,49,17,80.318054,9,8.52,184.64,81.849998,12.8695,0.963
"8258",56.4,12.9,6325,193,-51,88,41,24,72.743057,8,18.07,175.14,73.033798,13.2475,1.39699996
"8259",56.4,12.9,6325,193,-51,88,41,24,72.743057,8,18.07,175.14,73.033798,13.2475,1.39699996
"8290",50,8.5,6552,243,-22,66,37,18,74.673615,9,17.46,196.89,83.736,12.981499,0.81699997
"8270",47.5,7.5,6226,241,-11,101,52,22,78.190277,8,10.71,187.6,82.952903,12.8872,1.37899995
"8285",49.4112,16.2815,6981,222,-59,87,30,40,74.837502,8,32.73,182.5,74.044799,12.961799,0.89600003
"6016",62.9,18.4,8652,205,-128,74,37,25,74.995834,6,40.96,110.77,86.811302,13.8688,1.39600003
"8423",56.1,13.74,6245,203,-33,74,38,22,72.743057,7,19.11,164.5,71.525199,13.221899,1.26300001
"8237",55.8,13.1,6171,202,-28,69,35,22,71.57222,8,20.43,171.37,71.894096,13.199299,1.09599996
"6040",55.66,13.4,6124,197,-31,70,37,21,71.57222,8,16.05,154.32,71.525199,13.197999,1.11800003
"6064",62.9513,18.2763,8652,206,-128,74,37,24,74.995834,6,43.9,96.62,88.130798,13.8688,1.39499998
"6957",49.42,16.36,7083,227,-57,85,28,41,74.837502,8,32.73,182.5,74.044799,12.961799,0.85799998
"8369",55.6942,13.4504,6189,203,-27,68,36,21,71.57222,8,15.83,156.8,71.525199,13.197999,1.17200005
"8247",56.07,13.74,6247,202,-33,74,38,21,72.743057,7,19.11,164.5,71.525199,13.221899,1.26300001
"8426",56.06,13.97,6234,204,-30,71,36,21,72.743057,7,19.11,164.5,71.525199,13.2213,1.18499994
"9058",57.75,16.6333,6700,216,-41,60,26,24,76.534721,7,23.43,189.76,74.801803,13.3035,0.92199999
"8249",57.7,15.8,6781,211,-54,67,31,23,69.29583,7,24.61,158.64,70.866798,13.304599,1.005
"9057",56.1,13.9167,6252,205,-30,72,36,21,72.743057,7,19.11,164.5,71.525199,13.221899,1.18499994
"7139",50.5,8.0167,6157,227,-19,67,44,13,68.24028,8,21.41,178.03,78.404098,13.0009,0.93900001
"7307",48.0653,-2.96591,4304,211,30,105,45,27,73.429169,15,3.46,245.92,79.984199,12.9053,1.35699999
"7331",51.6832,10.2144,6164,217,-31,82,45,20,66.611115,8,17.53,159.45,78.231201,13.040599,1.53299999
"7337",50.8738,8.02341,5980,217,-21,81,54,12,68.24028,8,21.24,155.28,78.404098,13.0009,1.23800004
"7378",48.0333,7.7667,6433,251,-10,103,46,26,74.638886,9,11.54,140.74,82.327301,12.9054,1.17900002
"7405",52.6,10.0667,6136,227,-21,71,38,19,66.222221,8,16.97,167.14,79.736099,13.082799,1.08800006
"66",48.2667,-4.58333,3562,199,38,141,48,32,82.281944,15,0.9,305.21,80.650299,12.905099,1.63999999
"149",48.5167,-4.06667,3780,199,32,134,47,31,82.281944,15,1.21,267.01,80.650299,12.9236,1.62600005
"328",46.6667,4.11667,6050,246,-6,81,49,17,80.318054,9,8.52,184.64,81.849998,12.8695,0.963
"334",46.6667,4.11667,6050,246,-6,81,49,17,80.318054,9,8.52,184.64,81.849998,12.8695,0.963
"5753",54.7,-2.7,4579,189,-8,102,55,20,60.227779,8,9.35,162.33,80.364997,13.1538,1.76199996
"7000",50.9167,9.57073,6299,216,-37,83,46,18,68.24028,8,15.57,183.88,79.3404,13.0003,1.20099998
"6989",54.8,-2.4333,4522,177,-18,112,67,18,60.227779,7,10.47,166.61,79.546699,13.178999,4.22300005
"7031",50.0167,8.6667,6474,246,-22,71,41,16,68.24028,9,17.38,197.01,79.9151,12.980999,0.90100002
"7062",50.2981,8.26607,6290,231,-21,64,40,15,68.24028,8,19.46,188.62,79.9151,12.981499,0.99699998
"7123",50.1721,8.38912,6253,216,-34,75,50,13,68.24028,8,18.6,195.94,79.9151,12.981499,1.13699996
"7128",58.3,25.3,8290,210,-92,74,28,30,72.199997,7,53.82,149.69,79.577301,13.338199,1.13600004
"7145",46.5,6.08,6220,206,-53,137,91,12,81.120834,8,14.94,212.86,72.500701,12.852199,1.70000005
"7147",50.584,8.67825,6426,235,-23,70,42,13,68.24028,8,17.49,191.95,78.895401,13.000599,1.02100003
"7166",51.25,5.9,5586,222,-3,74,50,12,69.599998,9,9.35,195.65,80.035697,13.0204,1.10000002
"7255",50.95,7.5,5835,215,-19,86,57,13,68.619446,8,15.54,89.41,77.934097,13.001199,1.227
"7275",51.0581,13.2995,6730,221,-38,79,36,26,69.230553,7,24.55,152.95,77.448196,13.020799,0.85600001
"7258",50.5,8.5,6322,227,-25,70,46,11,68.24028,9,18.89,191.02,78.895401,13.0009,1.04200006
"7291",38.07,13.22,5873,268,37,81,8,54,110.655556,7,0,357.69,45.990299,12.637399,0.51800001
"7310",50.1448,8.60706,6409,243,-19,68,39,16,68.24028,9,18.6,195.94,83.736,12.980999,0.90100002
"7333",46.5438,11.5614,6959,229,-74,109,30,42,89.144447,5,19.38,182.58,71.3385,12.852199,1.20899999
"7411",47.9299,10.8134,6442,214,-47,126,56,32,83.3125,8,14.74,181.99,81.781402,12.9052,1.49100006
"178",47.3833,5.31667,6318,250,-12,78,52,13,77.893059,9,11.31,207.69,81.966499,12.8871,1.11000001
"378",46.6667,4.11667,6050,246,-6,81,49,17,80.318054,9,8.52,184.64,81.849998,12.8695,0.963
"8241",55.9473,13.821,6204,198,-34,74,39,20,71.57222,8,18.3,165.6,72.019203,13.221899,1.23300004
"6988",40.31,-3.22,6632,304,2,55,13,33,93.27639,7,1.12,231.42,63.912101,12.688799,0.417
"8256",56.4,12.9,6325,193,-51,88,41,24,72.743057,8,18.07,175.14,73.033798,13.2475,1.39699996
"7344",47.6667,9.5,6722,237,-32,127,54,30,80.554169,8,13.87,205,81.642097,12.8871,1.39400005
"8231",56.3,16,6513,212,-31,62,31,22,80.493057,7,27.94,164.21,72.152702,13.2213,0.92500001
"8271",50.5,9.5,6402,216,-42,84,46,16,68.24028,8,16.05,182.54,79.3404,13.0003,1.17200005
"8275",49,0.5,5023,223,0,74,49,14,71.686111,9,7.57,203.98,78.422302,12.942399,1.18200004
"8420",50.0667,8.5333,6510,244,-21,66,37,18,68.24028,9,17.46,196.89,83.736,12.980999,0.90100002
"8283",55.76,14.12,6129,198,-27,68,35,20,79.0625,8,20.22,181.7,70.9589,13.196999,1.05599999
"8284",49.4112,16.2815,6981,222,-59,87,30,40,74.837502,8,32.73,182.5,74.044799,12.961799,0.89600003
"6008",49.1,16.2,7168,237,-52,82,29,38,74.837502,8,30.53,188.62,74.044799,12.9426,0.671
"8422",56.06,14.29,6246,205,-27,69,34,21,70.53611,7,23.58,192.69,70.9589,13.2213,0.99800003
"8296",53.5,10.5,6380,226,-30,74,39,18,66.390274,8,17.62,144.99,77.498298,13.1048,1.07299995
"8297",46.5,6.08,6220,206,-53,137,91,12,81.120834,8,14.94,212.86,72.500701,12.852199,1.70000005
"8300",47,15.5,7651,252,-66,123,31,43,82.701386,9,15.39,199.51,75.346702,12.8694,1.38
"8235",48.8,17.1,7361,254,-45,84,31,36,77.89167,8,20.19,187.92,73.3982,12.923899,0.68199998
"8306",56.1,13.74,6245,203,-33,74,38,22,72.743057,7,19.11,164.5,71.525199,13.221899,1.26300001
"8310",52.24,9.44,5999,215,-25,80,48,16,66.05278,8,18.19,153.79,77.041496,13.061499,1.26999998
"8236",49.33,15.76,6907,219,-59,91,33,38,73.756943,8,28.84,176.39,75.014999,12.942399,0.889
"8311",47.5,11.5,6208,166,-90,152,58,34,83.3125,6,23.7,170.69,61.338699,12.8872,1.92799997
"8314",47,14,6251,155,-104,163,77,24,82.701386,8,25.55,166.71,61.504299,12.8694,2.82500005
"8239",51,7,5942,235,-8,83,52,16,68.619446,9,11.67,171.92,82.069503,13.020899,1.19400001
"8240",55.705,13.196,6144,201,-28,68,35,21,71.57222,8,16.05,154.32,71.894096,13.199299,1.13800001
"8323",57,-4,5006,165,-49,155,78,23,61.448612,7,8.95,60.9,82.140602,13.274499,3.86800003
"8242",56.1494,15.7884,6448,212,-28,62,32,21,70.53611,7,25.57,168.04,71.765899,13.2213,0.956
"8325",50,19.3,7755,244,-67,102,33,40,70.306946,7,22.07,172.19,73.609001,12.980899,1.24600005
"8326",56.0328,14.775,6220,205,-26,65,34,20,70.53611,7,25.12,205.67,71.120597,13.220999,0.96600002
"8222",56.0328,14.775,6220,205,-26,65,34,20,70.53611,7,25.12,205.67,71.120597,13.220999,0.96600002
"8430",52.25,4.5667,5273,206,1,88,44,21,76.09861,9,6.06,228.84,79.236999,13.061499,1.31200004
"8335",55.71,13.2,6137,200,-29,69,35,21,71.57222,8,16.05,154.32,71.894096,13.199299,1.13800001
"8343",47.5,1.5,5608,246,3,62,49,8,75.354164,8,6.66,176.45,86.028297,12.8871,0.85900003
"6074",56.4573,16.1408,6554,214,-31,61,30,22,80.493057,7,32.36,175.29,72.152702,13.2472,0.90100002
"8351",60.25,18.37,7537,209,-75,69,28,30,76.22361,7,39.48,142.64,78.923896,13.514499,0.92900002
"8353",38.07,13.22,5873,268,37,81,8,54,110.655556,7,0,357.69,45.990299,12.637399,0.51800001
"8354",58,56.3167,11462,234,-185,78,25,34,72.761108,6,113.28,119.9,72.711997,13.3367,1.06599998
"7296",59,29,8954,219,-107,85,30,32,71.025002,7,59.98,141.95,80.303497,13.373499,1.22500002
"8365",49,16,7127,240,-49,83,30,37,77.89167,7,21.94,198.06,75.014999,12.942399,0.72799999
"8376",62.69,18,8445,206,-118,77,40,24,74.995834,6,37.6,112.09,88.130798,13.7902,1.42799997
"8378",49.49,14.24,7002,229,-55,89,35,34,73.756943,8,22.39,175.58,77.230697,12.9615,0.80500001
"8412",49.1833,15.8833,6993,226,-57,88,32,38,73.756943,8,31.45,184.14,75.014999,12.942399,0.84299999
"8387",59,18,7114,220,-44,59,24,28,80.28611,7,35.27,194.81,76.296203,13.3703,0.79100001
"6243",55.95,13.85,6182,198,-33,73,38,20,71.57222,8,18.3,165.6,71.525199,13.221899,1.15699995
"7507",48.6103,2.3086,5629,243,5,60,44,8,73.112503,8,7.44,212.36,84.5186,12.923899,0.87400001
"7343",52.5339,13.181,6877,238,-32,68,35,21,68.056946,8,17.51,175.21,80.529197,13.062,0.82300001
"6005",49.4112,16.2815,6981,222,-59,87,30,40,74.837502,8,32.73,182.5,74.044799,12.961799,0.89600003
"5729",54.7,-3.4,4424,187,-2,110,58,22,60.227779,8,5.47,189.17,81.769401,13.151399,3.32399988
"5380",54.4,-3,4614,188,-7,118,63,22,60.227779,8,7,165.85,80.364997,13.152799,6.15600014
"5381",54.4,-3,4614,188,-7,118,63,22,60.227779,8,7,165.85,80.364997,13.152799,6.15600014
"5565",54.6,-3.1,4535,184,-10,117,63,22,60.227779,8,5.12,207.64,80.364997,13.152799,6.41300011
"7011",49.6803,8.6161,6534,247,-19,72,40,19,74.673615,9,16.39,194.17,83.736,12.9617,0.89300001
"7199",50.95,6.9666,5943,235,-8,83,52,17,68.619446,9,11.67,171.92,82.069503,13.001199,1.19400001
"7224",50.3833,8.0666,6228,233,-18,63,39,15,68.24028,8,19.41,182.44,79.509201,12.981499,0.93900001
"7277",50.2,8.5833,6409,237,-23,69,42,14,68.24028,9,18.6,195.94,79.9151,12.980999,1.02400005
"7490",51.2878,0.0565,4893,215,0,73,47,15,71.040276,10,5.46,219.83,78.472,13.020199,1.29799998
"7492",51.4167,-1.7167,4725,209,0,73,44,17,65.756943,9,4.96,216.07,79.103698,13.0206,1.278
"7300",41.5,2.25,5313,273,53,86,32,26,95.711113,8,0.19,310.54,64.327903,12.715499,0.59200001
"7408",52.3,9.3,5967,217,-23,79,47,16,66.05278,8,15.29,180.36,77.041496,13.061499,1.26999998
"7418",47.3667,8.55,6383,234,-23,132,65,26,80.554169,8,17.3,214.46,82.862998,12.8871,1.67999995
"5887",49.4112,16.2815,6981,222,-59,87,30,40,74.837502,8,32.73,182.5,74.044799,12.961799,0.89600003
"5987",49.4112,16.2815,6981,222,-59,87,30,40,74.837502,8,32.73,182.5,74.044799,12.961799,0.89600003
"173",47.3833,5.31667,6318,250,-12,78,52,13,77.893059,9,11.31,207.69,81.966499,12.8871,1.11000001
"357",46.6667,4.11667,6050,246,-6,81,49,17,80.318054,9,8.52,184.64,81.849998,12.8695,0.963
"258",46.65,-0.25,5306,241,9,88,47,18,80.11528,9,4.66,220.86,78.076301,12.8694,1.09899998
"374",46.6667,4.11667,6050,246,-6,81,49,17,80.318054,9,8.52,184.64,81.849998,12.8695,0.963
"94",47.7,6.81667,6400,240,-24,94,66,12,78.190277,8,14.46,200.85,82.044601,12.8872,1.44599998
"6188",55.7683,14.1386,6140,198,-27,68,35,20,79.0625,8,20.22,181.7,70.9589,13.196999,1.05599999
"5207",51.3,0.4,4813,218,9,68,40,17,71.040276,10,3.41,177.22,80.103698,13.020199,1.17299998
"6448",49.3853,16.2544,6974,222,-59,87,30,40,74.837502,8,32.73,182.5,74.044799,12.961799,0.89600003
"8312",50.5,7.5,5946,221,-18,75,47,15,68.619446,8,18.36,154.2,77.934097,13.001199,1.01999998
"8313",49,15,7016,232,-54,97,37,36,75.006943,8,27.63,155.91,76.111099,12.942299,0.95700002
"8334",55.71,13.2,6137,200,-29,69,35,21,71.57222,8,16.05,154.32,71.894096,13.199299,1.13800001
"8337",44,12.37,6678,282,1,83,48,17,83.809723,9,3.17,234.42,73.284698,12.7875,0.917
"8357",41.5,2.25,5313,273,53,86,32,26,95.711113,8,0.19,310.54,64.327903,12.715499,0.59200001
"8366",50.5,8.5,6322,227,-25,70,46,11,68.24028,9,18.89,191.02,78.895401,13.0009,1.04200006
"8411",50.5,8.5,6322,227,-25,70,46,11,68.24028,9,18.89,191.02,78.895401,13.0009,1.04200006
"8388",52,36,10000,239,-121,81,33,26,76.243057,7,82.24,181.87,71.0363,13.040699,0.90200001
"8395",45,7.5,7250,285,-16,100,38,27,80.934723,10,8.79,226.12,80.273696,12.803,1.01999998
"7014",56.5459,-4.79821,4573,180,-12,230,92,30,60.950001,6,7.47,81.19,82.783897,13.246899,6.40700006
"7035",48,19,7536,243,-63,84,40,24,78.762497,8,21.36,191.86,73.644401,12.9052,0.86199999
"7498",50.35,-3.5833,4200,203,22,102,49,25,75.33889,14,1.57,267.75,80.447601,12.9812,1.74199998
"7506",48.6103,2.3086,5629,243,5,60,44,8,73.112503,8,7.44,212.36,84.5186,12.923899,0.87400001
"7390",51.9666,5.6666,5465,215,-6,75,48,14,69.599998,9,8.9,185.86,79.4533,13.040599,1.21599996
"7284",44.7203,22.3955,7795,279,-33,84,39,26,78.612503,8,14.19,216.4,84.271697,12.803,0.85799998
"7081",40.2077,-8.42639,4257,289,62,128,9,53,99.977776,9,-0.01,342.31,79.443702,12.688699,0.91799998
"8243",43.7703,11.2547,6701,309,19,113,35,25,85.219444,9,5.77,240.51,79.982803,12.772399,0.898
"100000",54.6833,25.3167,8313,224,-87,81,33,26,70.083336,7,52.01,150.37,81.693901,13.149999,1.10800004
"6906",40.2077,-8.42639,4257,289,62,128,9,53,99.977776,9,-0.01,342.31,79.443702,12.688699,0.91799998
"8266",55.86,13.51,6204,201,-31,71,37,22,71.57222,8,17.22,157.62,71.525199,13.221899,1.24399996
"6897",45,1.3,5456,259,3,91,56,12,82.765274,9,3.77,200.41,78.367698,12.803099,1.08500004
"6898",51.2167,4.4,5476,221,-1,77,49,12,69.599998,9,6.69,198.44,79.524101,13.020199,1.14100003
"6907",51.4083,-0.6383,5234,225,-3,71,43,14,65.756943,9,3.68,67.89,80.225196,13.020199,1.05900002
"7438",61.36,34.15,9455,204,-154,91,26,35,68.798615,6,105.79,137.17,75.2667,13.6455,1.34800005
"6910",37.3,15,5457,316,61,108,4,72,99.690277,8,0,313.15,75.508598,12.612799,0.384
"6913",62.877,18.177,8592,205,-126,74,38,24,74.995834,6,37.6,112.09,88.130798,13.869099,1.39499998
"6914",55.949444,-3.160278,4239,189,-4,73,45,16,63.013889,8,5.81,41.33,80.246101,13.2227,1.21800005
"6918",63.0165,18.3174,8719,205,-131,74,37,24,66.597221,6,43.9,96.62,88.130798,13.8688,1.41400003
"6919",50.3,8,6091,214,-29,73,48,13,68.24028,8,19.41,182.44,79.509201,12.981499,1.01800001
"8214",49,2,5439,234,3,61,44,9,73.112503,8,8.27,229.05,78.920799,12.942799,0.93599999
"6924",51.4083,-0.6383,5234,225,-3,71,43,14,65.756943,9,3.68,67.89,80.225196,13.020199,1.05900002
"8424",35,77,9650,126,-268,13,2,52,100.175003,2,30.6,249.57,41.220901,12.565699,0.23
"6933",41.59,2.49,5347,268,47,99,36,24,95.711113,10,0.09,298.29,64.327903,12.715499,0.71399999
"7520",49.38,16.81,7002,216,-64,93,31,40,74.837502,8,27.69,193.51,74.044799,12.9622,0.91000003
"7521",49.38,16.81,7002,216,-64,93,31,40,74.837502,8,27.69,193.51,74.044799,12.9622,0.91000003
"6936",46,3.3,5819,253,-12,85,38,27,77.119446,9,7.01,196.98,80.8684,12.835399,0.87900001
"7522",44.15,9.65,5694,280,42,126,25,36,87.459724,10,6.45,281.15,81.793197,12.787599,1.205
"6937",49,9.3,6444,242,-22,85,38,27,75.231941,8,17.24,186.25,80.858497,12.942399,0.96600002
"6939",32.34,22.46,4491,286,60,33,0,93,112.702774,4,-0.02,357.54,42.43,12.5093,0.26300001
"6900",63.324,18.484,8845,206,-137,72,35,25,66.597221,6,48.31,86.62,86.811302,13.8688,1.34800005
"6901",63.324,18.484,8845,206,-137,72,35,25,66.597221,6,48.31,86.62,86.811302,13.8688,1.34800005
"6009",62.877,18.177,8592,205,-126,74,38,24,74.995834,6,37.6,112.09,88.130798,13.869099,1.39499998
"6915",50.3,6.3,5701,192,-30,116,69,15,68.619446,8,14.45,202.69,78.751899,12.980899,1.61199999
"6917",63.0165,18.3174,8719,205,-131,74,37,24,66.597221,6,43.9,96.62,88.130798,13.8688,1.41400003
"6922",50.3,8,6091,214,-29,73,48,13,68.24028,8,19.41,182.44,79.509201,12.981499,1.01800001
"6923",51.4083,-0.6383,5234,225,-3,71,43,14,65.756943,9,3.68,67.89,80.225196,13.020199,1.05900002
"6930",49.5,73.1,13022,270,-201,38,17,28,87.247223,11,101.52,108.04,62.739299,12.9623,0.34799999
"6940",50.3,8.3,6249,222,-27,69,45,13,68.24028,8,19.46,188.62,79.9151,12.981499,0.99699998
"6942",50,10,6718,238,-34,74,38,18,74.022224,8,17.1,181.34,80.331703,12.9806,1.05700004
"6943",51.4083,-0.6383,5234,225,-3,71,43,14,65.756943,9,3.68,67.89,80.225196,13.020199,1.05900002
"7518",56.1509,15.7735,6444,212,-27,62,32,21,70.53611,7,25.57,168.04,71.765899,13.2213,0.956
"8213",43.25,-6,4280,246,24,114,41,28,77.668053,9,1.23,289.56,80.736,12.757699,1.19299996
"6951",49.42,16.36,7083,227,-57,85,28,41,74.837502,8,32.73,182.5,74.044799,12.961799,0.85799998
"6958",46,3.3,5819,253,-12,85,38,27,77.119446,9,7.01,196.98,80.8684,12.835399,0.87900001
"7305",53.476,10.6065,6419,227,-29,72,38,18,66.390274,8,17.89,128.73,77.498298,13.1048,1.05400002
"7376",45,7.5,7250,285,-16,100,38,27,80.934723,10,8.79,226.12,80.273696,12.803,1.01999998
"7386",50.1946,8.74639,6404,247,-18,69,39,16,68.24028,9,17.45,199.73,83.736,12.980999,0.96100003
"7404",52.6,10.0667,6136,227,-21,71,38,19,66.222221,8,16.97,167.14,79.736099,13.082799,1.08800006
"7403",47.25,8.26,6186,219,-31,145,71,27,80.554169,8,17.79,205.29,82.862998,12.8872,1.77900004
"7457",56.25,34.3167,9557,226,-127,87,26,35,72.543053,7,87.07,141.93,72.315696,13.2213,1.12399995
"7015",41.6833,2.8,5312,276,53,108,27,33,95.711113,10,0.12,271.82,73.542098,12.715499,0.70499998
"7024",41.6833,2.8,5312,276,53,108,27,33,95.711113,10,0.12,271.82,73.542098,12.715499,0.70499998
"7079",40.12,-8.25,4636,298,57,133,9,53,99.977776,9,0.12,336.7,70.098602,12.6756,1.06200004
"7152",51.5338,9.9355,6134,218,-32,79,38,23,66.27639,8,18.01,165.19,78.231201,13.040599,1.15999997
"7297",48.5479,9.11033,6383,231,-32,96,44,27,75.231941,8,16.73,179.54,81.276901,12.9236,1.14300001
"7381",48.0333,7.7667,6433,251,-10,103,46,26,74.638886,9,11.54,140.74,82.327301,12.9054,1.17900002
"7413",54.6833,25.3167,8313,224,-87,81,33,26,70.083336,7,52.01,150.37,81.693901,13.149999,1.10800004
"7176",50.5,7.5,5946,221,-18,75,47,15,68.619446,8,18.36,154.2,77.934097,13.001199,1.01999998
"7352",60.0585,23.2982,7945,214,-90,74,29,31,72.163887,6,56.09,164.57,76.354301,13.458499,1.16600001
"7117",51.5105,9.68253,6142,214,-31,85,50,18,66.27639,8,18.27,171.66,78.1194,13.040599,1.27900004
"7172",52.1444,9.37827,5967,216,-24,80,49,16,66.05278,8,18.19,153.79,77.041496,13.061499,1.18099999
"7168",38.714649,69.706131,8752,320,-62,134,2,72,98.955559,3,10.09,247.68,79.923103,12.6498,0.796
"7423",49.2,16.6166,7321,246,-49,75,23,42,74.837502,8,27.66,187.13,74.044799,12.9426,0.70499998
"7425",49.2,16.6166,7321,246,-49,75,23,42,74.837502,8,27.66,187.13,74.044799,12.9426,0.70499998
"7223",50.3833,8.0666,6228,233,-18,63,39,15,68.24028,8,19.41,182.44,79.509201,12.981499,0.93900001
"7239",41.59,2.49,5347,268,47,99,36,24,95.711113,10,0.09,298.29,64.327903,12.715499,0.71399999
"7276",50.2,8.5833,6409,237,-23,69,42,14,68.24028,9,18.6,195.94,79.9151,12.980999,1.02400005
"7281",53.1667,8.2,5748,212,-17,80,44,17,69.125,8,12.02,184.07,79.372703,13.105799,1.26699996
"7287",53.3422,8.42255,5800,213,-16,81,39,18,69.125,8,12.59,196.49,78.482002,13.105799,1.29200006
"7292",38.07,13.22,5873,268,37,81,8,54,110.655556,7,0,357.69,45.990299,12.637399,0.51800001
"7299",47.04,10.51,5207,82,-115,168,96,19,83.3125,5,30.56,160.18,61.109001,12.8694,1.52100003
"7303",41.5,2.25,5313,273,53,86,32,26,95.711113,8,0.19,310.54,64.327903,12.715499,0.59200001
"7309",50.7167,7.1,5756,231,-6,77,47,16,68.619446,9,15.51,149.52,82.069503,13.001199,1.13499999
"7328",41.7833,3.03333,5119,276,57,102,21,35,102.388886,10,0.12,271.82,74.665802,12.715499,0.726
"7406",52.3,9.3,5967,217,-23,79,47,16,66.05278,8,15.29,180.36,77.041496,13.061499,1.26999998
"7242",47.6166,7.6666,6272,243,-10,101,48,26,78.190277,8,13.58,196.47,82.327301,12.8872,1.19000006
"7462",49,15,7016,232,-54,97,37,36,75.006943,8,27.63,155.91,76.111099,12.942299,0.95700002
"6094",55.6494,13.2147,6174,203,-26,67,34,21,71.57222,8,16.05,154.32,71.894096,13.199299,1.07799995
"6109",55.7936,13.1233,6200,203,-29,69,34,22,71.57222,8,20.43,171.37,71.894096,13.199299,1.09599996
"6112",55.7967,13.1044,6173,203,-29,69,35,22,71.57222,8,20.43,171.37,71.894096,13.199299,1.09599996
"6169",62.8714,18.3447,8650,203,-130,75,38,24,74.995834,6,40.96,110.77,86.811302,13.8688,1.39600003
"6202",55.7717,14.1206,6144,199,-27,68,35,20,79.0625,8,20.22,181.7,70.9589,13.196999,1.05599999
"6203",55.7714,14.1208,6144,199,-27,68,35,20,79.0625,8,20.22,181.7,70.9589,13.196999,1.05599999
"5331",51.1,0.4,4761,218,10,76,43,21,71.040276,10,3.44,103.07,80.11,13.020199,1.36399996
"6318",49.2771,16.6314,7124,228,-58,85,28,40,74.837502,8,27.66,187.13,74.044799,12.942899,0.70499998
"4879",50.3,-4.9,4159,197,27,123,57,28,77.316666,14,2.01,193.01,82.001098,12.9806,1.88
"4927",50.3,-4.8,4175,198,28,122,57,28,77.316666,14,2.01,193.01,82.001098,12.9806,2.084
"4935",50.327643,-4.601173,4090,196,27,121,58,27,77.316666,14,2.16,222.58,81.174697,12.9806,2.19
"4862",50.3,-4.9,4159,197,27,123,57,28,77.316666,14,2.01,193.01,82.001098,12.9806,1.88
"7353",52.08,4.3,5227,206,3,85,44,20,76.09861,9,5.46,245.17,79.236999,13.061499,1.31400001
"7384",52.0333,5.55,5452,214,-7,74,47,14,76.09861,9,8.92,188.8,79.4533,13.040599,1.24300003
"81",45,1.75,5577,271,9,79,49,12,82.765274,9,4.5,196.49,78.367698,12.803,1.03900003
"373",46.6667,4.11667,6050,246,-6,81,49,17,80.318054,9,8.52,184.64,81.849998,12.8695,0.963
"383",46.6667,4.11667,6050,246,-6,81,49,17,80.318054,9,8.52,184.64,81.849998,12.8695,0.963
"5678",54.6,-3.1,4535,184,-10,117,63,22,60.227779,8,5.12,207.64,80.364997,13.152799,6.41300011
"957",42.1167,12.4833,6052,301,27,111,25,34,87.623611,10,0.13,257.26,63.8773,12.7292,0.87099999
"5805",53.2,-1.4,4722,209,7,72,53,9,62.997223,9,6.76,62.8,81.239898,13.1055,1.41400003
"4997",51.3,0.5,4780,218,10,67,39,17,71.040276,10,3.41,177.22,80.103698,13.020299,1.17299998
"1002",55.3833,14.05,6141,201,-22,63,32,21,79.0625,8,18.58,188.39,71.308601,13.196999,0.97100002
"6449",49.3853,16.2544,6974,222,-59,87,30,40,74.837502,8,32.73,182.5,74.044799,12.961799,0.89600003
"9077",38.7406,48.6131,7659,329,-7,130,18,47,89.076386,4,8.17,271.49,78.937599,12.6499,0.79500002
"9104",41.8296,46.2831,8221,301,-28,109,31,36,93.955559,8,13.85,236.55,82.407699,12.7292,0.75700003
"9152",38.8158,-4.125,6928,340,4,63,5,46,100.25,7,0.65,261.84,60.7844,12.6499,0.41299999
"9165",50.4625,30.5411,9015,252,-78,84,36,27,76.270836,8,33.58,179.82,80.529998,13.0003,0.83899999
"9179",44.5656,34.3217,7304,268,-24,75,36,22,83.144447,6,12.63,206.66,66.298896,12.803099,0.99199998
"6996",51.2167,4.4,5476,221,-1,77,49,12,69.599998,9,6.69,198.44,79.524101,13.020199,1.14100003
"7008",52,5.675,5432,214,-7,75,48,14,69.599998,9,8.9,185.86,79.4533,13.040599,1.22500002
"6729",51.4083,-0.6383,5234,225,-3,71,43,14,65.756943,9,3.68,67.89,80.225196,13.020199,1.05900002
"7092",49.416,2.823,5518,235,0,59,42,10,71.050003,9,9.99,208.73,82.739601,12.9624,0.94199997
"7164",55.675,12.5686,6175,210,-19,67,33,20,71.57222,8,17.21,206.19,72.172401,13.2003,0.99699998
"7169",54.4175,9.88682,5858,204,-18,83,47,19,70.847221,8,11.78,219.02,76.252197,13.1497,1.38100004
"7181",50.927,11.587,6219,229,-24,77,31,29,68.041664,8,21.51,110.17,78.773803,13.0008,0.93599999
"7252",54.6167,-2.3,4539,164,-30,146,83,20,60.227779,7,10.05,166.05,79.730003,13.1538,3.59100008
"7446",61.36,34.15,9455,204,-154,91,26,35,68.798615,6,105.79,137.17,75.2667,13.6455,1.34800005
"7270",52.24,4.45,5232,205,2,87,44,21,76.09861,9,6.06,228.84,79.236999,13.061499,1.278
"7483",51.2878,0.0565,4893,215,0,73,47,15,71.040276,10,5.46,219.83,78.472,13.020199,1.29799998
"7316",51.9667,5.56667,5410,212,-8,76,49,14,69.599998,9,8.9,185.86,79.4533,13.040599,1.21599996
"7351",56.4278,-5.23439,4369,186,4,213,88,29,60.950001,8,4.95,116.98,83.167503,13.2468,5.83400011
"7391",51.9666,5.6666,5465,215,-6,75,48,14,69.599998,9,8.9,185.86,79.4533,13.040599,1.21599996
"1",45.2667,1.48333,5489,256,0,95,58,12,78.943054,9,4.29,198.58,78.367698,12.819,1.15499997
"392",46.65,0.166667,5408,247,8,78,47,15,76.254166,8,4.76,210.94,78.076301,12.8694,1.02999997
"379",46.6667,4.11667,6050,246,-6,81,49,17,80.318054,9,8.52,184.64,81.849998,12.8695,0.963
"380",46.6667,4.11667,6050,246,-6,81,49,17,80.318054,9,8.52,184.64,81.849998,12.8695,0.963
"267",45.5333,4.85,6354,265,-12,86,54,17,80.281944,9,9.18,220.65,81.627502,12.819,0.995
"5742",51.3,1.1,4758,212,14,68,37,18,71.040276,12,3.48,111.54,79.939697,13.0205,1.24100006
"5056",51.3,0.5,4780,218,10,67,39,17,71.040276,10,3.41,177.22,80.103698,13.020299,1.17299998
"5122",51.3,0.4,4813,218,9,68,40,17,71.040276,10,3.41,177.22,80.103698,13.020199,1.17299998
"5158",51.3,0.4,4813,218,9,68,40,17,71.040276,10,3.41,177.22,80.103698,13.020199,1.17299998
"5832",56.3333,15.9667,6495,211,-31,62,32,21,70.53611,7,27.94,164.21,72.152702,13.2213,0.92500001
"6994",45.9,6.13028,6594,259,-28,96,66,10,84.53611,8,9.5,213.09,82.149002,12.835399,1.30799997
"7002",51.3333,6.1,5662,225,-3,76,49,13,68.126389,9,9.92,202.55,80.519897,13.0204,1.12100005
"7026",54.4,-3.2667,4525,190,-2,107,56,23,60.227779,9,5.12,207.64,81.769401,13.152799,6.8829999
"6730",51.4083,-0.6383,5234,225,-3,71,43,14,65.756943,9,3.68,67.89,80.225196,13.020199,1.05900002
"7075",43.3779,2.54038,5735,264,7,83,38,17,82.176392,10,3.53,258.6,72.998497,12.757699,0.95599997
"7126",60.1997,24.5682,8034,212,-90,78,31,31,71.818054,6,46.66,135.44,76.600196,13.52,1.22000003
"7227",50.3833,8.0666,6228,233,-18,63,39,15,68.24028,8,19.41,182.44,79.509201,12.981499,0.93900001
"7229",50.3833,8.0666,6228,233,-18,63,39,15,68.24028,8,19.41,182.44,79.509201,12.981499,0.93900001
"7449",61.36,34.15,9455,204,-154,91,26,35,68.798615,6,105.79,137.17,75.2667,13.6455,1.34800005
"6847",51.4083,-0.6383,5234,225,-3,71,43,14,65.756943,9,3.68,67.89,80.225196,13.020199,1.05900002
"6953",49.42,16.36,7083,227,-57,85,28,41,74.837502,8,32.73,182.5,74.044799,12.961799,0.85799998
"7320",49.4424,1.09849,5102,233,8,71,43,14,70.772224,10,8.32,218.06,82.267997,12.9617,1.08500004
"7354",56.5,14.9,6465,205,-41,71,37,20,70.53611,7,25.69,177.37,70.939796,13.2468,1.06799996
"7283",44.7203,22.3955,7795,279,-33,84,39,26,78.612503,8,14.19,216.4,84.271697,12.803,0.85799998
"2",45.2667,1.48333,5489,256,0,95,58,12,78.943054,9,4.29,198.58,78.367698,12.819,1.15499997
"386",46.6667,4.11667,6050,246,-6,81,49,17,80.318054,9,8.52,184.64,81.849998,12.8695,0.963
"6190",55.7686,14.1381,6140,198,-27,68,35,20,79.0625,8,20.22,181.7,70.9589,13.196999,1.05599999
"5785",54.7,-2.9,4547,180,-15,119,65,21,60.227779,8,5.72,193.49,80.364997,13.152799,2.82999992
"4802",50.4,-4.9,4311,195,21,127,61,28,77.316666,14,2.01,193.01,78.408798,12.9806,1.972
"5116",51.3,0.4,4813,218,9,68,40,17,71.040276,10,3.41,177.22,80.103698,13.020199,1.17299998
"5202",51.3,0.4,4813,218,9,68,40,17,71.040276,10,3.41,177.22,80.103698,13.020199,1.17299998
"7071",48.0717,1.33867,5544,241,1,63,47,9,71.686111,8,8.78,202.7,79.526,12.9052,0.85900003
"7064",51.3,1.1,4758,212,14,68,37,18,71.040276,12,3.48,111.54,79.939697,13.0205,1.24100006
"7078",40.12,-8.25,4636,298,57,133,9,53,99.977776,9,0.12,336.7,70.098602,12.6756,1.06200004
"7094",49.8724,8.65081,6593,244,-27,73,41,18,74.673615,9,17.38,197.01,79.9151,12.9617,0.88700002
"7141",50.3,8,6091,214,-29,73,48,13,68.24028,8,19.41,182.44,79.509201,12.981499,1.01800001
"7143",51.0167,5.86667,5539,224,-1,74,50,12,69.599998,9,9.77,201.12,80.776901,13.0204,1.11899996
"7151",51.5338,9.9355,6134,218,-32,79,38,23,66.27639,8,18.01,165.19,78.231201,13.040599,1.15999997
"7150",50.3,8,6091,214,-29,73,48,13,68.24028,8,19.41,182.44,79.509201,12.981499,1.01800001
"7424",49.2,16.6166,7321,246,-49,75,23,42,74.837502,8,27.66,187.13,74.044799,12.9426,0.70499998
"7178",49,15,7016,232,-54,97,37,36,75.006943,8,27.63,155.91,76.111099,12.942299,0.95700002
"7188",50.0667,8.5333,6510,244,-21,66,37,18,68.24028,9,17.46,196.89,83.736,12.980999,0.90100002
"7201",51.3317,6.55934,5857,231,-6,83,49,13,68.126389,9,10.31,192.49,80.519897,13.0207,1.20799994
"7206",50.0742,8.96617,6479,247,-20,71,39,18,68.24028,9,16.56,192.79,83.736,12.980999,0.94400001
"7205",49.631,11.5722,6666,229,-40,78,40,22,74.022224,8,23.04,146.23,80.526603,12.961899,1.04799998
"7231",50.3833,8.0666,6228,233,-18,63,39,15,68.24028,8,19.41,182.44,79.509201,12.981499,0.93900001
"7244",50.001,8.26664,6390,240,-18,61,33,20,68.24028,8,17.57,188.71,83.736,12.981499,0.86699998
"7260",50.5,8.5,6322,227,-25,70,46,11,68.24028,9,18.89,191.02,78.895401,13.0009,1.04200006
"7280",53.1667,8.2,5748,212,-17,80,44,17,69.125,8,12.02,184.07,79.372703,13.105799,1.26699996
"7282",50.3827,8.01161,6184,229,-18,65,41,14,68.24028,8,19.41,182.44,79.509201,12.981499,0.93900001
"7382",52.0918,5.1145,5317,213,-5,79,47,16,76.09861,9,7.58,217.69,79.222198,13.0614,1.29700005
"7392",51.9666,5.6666,5465,215,-6,75,48,14,69.599998,9,8.9,185.86,79.4533,13.040599,1.21599996
"6727",51.4083,-0.6383,5234,225,-3,71,43,14,65.756943,9,3.68,67.89,80.225196,13.020199,1.05900002
"7105",49.4167,16.2667,6953,217,-61,89,31,40,74.837502,8,32.73,182.5,74.044799,12.961799,0.89600003
"7479",51.2878,0.0565,4893,215,0,73,47,15,71.040276,10,5.46,219.83,78.472,13.020199,1.29799998
"7482",51.2878,0.0565,4893,215,0,73,47,15,71.040276,10,5.46,219.83,78.472,13.020199,1.29799998
"7504",52.25,4.5667,5273,206,1,88,44,21,76.09861,9,6.06,228.84,79.236999,13.061499,1.31200004
"7508",48.6103,2.3086,5629,243,5,60,44,8,73.112503,8,7.44,212.36,84.5186,12.923899,0.87400001
"7355",41.96,12.8,6019,305,18,119,29,33,104.13472,10,3.39,248.03,64.625602,12.7292,0.88
"5896",49.4112,16.2815,6981,222,-59,87,30,40,74.837502,8,32.73,182.5,74.044799,12.961799,0.89600003
"166",47.3833,5.31667,6318,250,-12,78,52,13,77.893059,9,11.31,207.69,81.966499,12.8871,1.11000001
"223",47.3833,5.31667,6318,250,-12,78,52,13,77.893059,9,11.31,207.69,81.966499,12.8871,1.11000001
"126",48.5167,-4.06667,3780,199,32,134,47,31,82.281944,15,1.21,267.01,80.650299,12.9236,1.62600005
"390",46.65,0.166667,5408,247,8,78,47,15,76.254166,8,4.76,210.94,78.076301,12.8694,1.02999997
"321",46.6667,4.11667,6050,246,-6,81,49,17,80.318054,9,8.52,184.64,81.849998,12.8695,0.963
"259",46.65,-0.25,5306,241,9,88,47,18,80.11528,9,4.66,220.86,78.076301,12.8694,1.09899998
"362",46.6667,4.11667,6050,246,-6,81,49,17,80.318054,9,8.52,184.64,81.849998,12.8695,0.963
"260",46.65,-0.25,5306,241,9,88,47,18,80.11528,9,4.66,220.86,78.076301,12.8694,1.09899998
"91",43.6833,7.33333,5097,269,45,119,17,42,97.577774,12,-0.3,326.18,80.728996,12.772399,0.82499999
"5160",51.3,0.4,4813,218,9,68,40,17,71.040276,10,3.41,177.22,80.103698,13.020199,1.17299998
"5232",51.2,0.4,4795,220,11,71,40,19,71.040276,10,3.44,103.07,80.103698,13.020199,1.17299998
"5606",54.7,-3.4,4424,187,-2,110,58,22,60.227779,8,5.47,189.17,81.769401,13.151399,3.32399988
"5628",54.7,-3.4,4424,187,-2,110,58,22,60.227779,8,5.47,189.17,81.769401,13.151399,3.32399988
"7004",47.5,7.5,6226,241,-11,101,52,22,78.190277,8,10.71,187.6,82.952903,12.8872,1.37899995
"7100",50.3055,8.324,6255,224,-26,69,44,13,68.24028,8,19.46,188.62,79.9151,12.981499,0.99699998
"7102",50.7224,8.2372,6064,213,-27,85,55,12,68.24028,8,20.53,177.46,78.404098,13.0009,1.16799998
"7110",52.0333,5.66667,5442,214,-8,75,48,14,76.09861,9,8.92,188.8,79.4533,13.040599,1.24300003
"7135",50.1102,8.6822,6382,247,-17,70,40,16,68.24028,9,17.38,197.01,83.736,12.980999,0.95300001
"7186",54.8969,23.8924,8071,225,-77,77,28,28,70.381943,7,42.68,170.51,80.664398,13.173899,1.01600003
"7430",48.6167,6.25,6026,237,-15,75,49,12,74.638886,9,12.15,201.76,81.088897,12.9237,1.176
"5385",54.4,-3,4614,188,-7,118,63,22,60.227779,8,7,165.85,80.364997,13.152799,6.15600014
"5292",51.3,1.1,4758,212,14,68,37,18,71.040276,12,3.48,111.54,79.939697,13.0205,1.24100006
"5337",51.1,0.4,4761,218,10,76,43,21,71.040276,10,3.44,103.07,80.11,13.020199,1.36399996
"5350",51.1,0.4,4761,218,10,76,43,21,71.040276,10,3.44,103.07,80.11,13.020199,1.36399996
"5377",54.4,-3,4614,188,-7,118,63,22,60.227779,8,7,165.85,80.364997,13.152799,6.15600014
"5386",54.4,-3,4614,188,-7,118,63,22,60.227779,8,7,165.85,80.364997,13.152799,6.15600014
"5310",51.3,1.1,4758,212,14,68,37,18,71.040276,12,3.48,111.54,79.939697,13.0205,1.24100006
"5282",51.3,1.1,4758,212,14,68,37,18,71.040276,12,3.48,111.54,79.939697,13.0205,1.24100006
"5339",51.1,0.4,4761,218,10,76,43,21,71.040276,10,3.44,103.07,80.11,13.020199,1.36399996
"5322",51.3,1.1,4758,212,14,68,37,18,71.040276,12,3.48,111.54,79.939697,13.0205,1.24100006
"6242",55.7,13.2,6173,202,-27,68,35,21,71.57222,8,16.05,154.32,71.894096,13.199299,1.13800001
"5364",54.4,-3,4614,188,-7,118,63,22,60.227779,8,7,165.85,80.364997,13.152799,6.15600014
"5373",54.4,-3,4614,188,-7,118,63,22,60.227779,8,7,165.85,80.364997,13.152799,6.15600014
"6990",53.448,5.73,5267,199,-7,87,45,22,81.275002,9,9.24,233.8,79.448501,13.1048,1.388
"6992",50.3,5.3,5646,219,-12,83,62,9,68.654167,9,14.89,197.77,78.109703,12.980699,1.38399994
"6998",59.4308,16.7999,7339,218,-67,70,27,30,71.301392,7,25.51,127.05,79.868896,13.409999,0.99800003
"7069",46.0333,7.1167,6115,179,-77,127,103,7,81.120834,5,77.7,100.64,58.392101,12.835399,1.69200003
"7496",50.6728,-3.8404,4319,195,14,127,62,25,75.33889,12,3.64,210.96,78.985,13.000699,2.68700004
"7502",51.4666,-3.2,4547,208,18,106,59,19,64.805557,12,5.57,217.28,80.730499,13.020799,1.74899995
"7346",52.6058,11.8558,6521,230,-24,62,32,21,66.222221,8,17.62,143.13,79.455299,13.0836,0.83600003
"5596",54.7,-3.4,4424,187,-2,110,58,22,60.227779,8,5.47,189.17,81.769401,13.151399,3.32399988
"5517",54.6,-3.1,4535,184,-10,117,63,22,60.227779,8,5.12,207.64,80.364997,13.152799,6.41300011
"5582",54.7,-3.4,4424,187,-2,110,58,22,60.227779,8,5.47,189.17,81.769401,13.151399,3.32399988
"5590",54.7,-3.4,4424,187,-2,110,58,22,60.227779,8,5.47,189.17,81.769401,13.151399,3.32399988
"5536",54.6,-3.1,4535,184,-10,117,63,22,60.227779,8,5.12,207.64,80.364997,13.152799,6.41300011
"5670",54.6,-3.1,4535,184,-10,117,63,22,60.227779,8,5.12,207.64,80.364997,13.152799,6.41300011
"5645",54.4,-2.9,4592,186,-9,126,67,22,60.227779,8,7,165.85,80.364997,13.152799,4.81099987
"998",55.3833,14.05,6141,201,-22,63,32,21,79.0625,8,18.58,188.39,71.308601,13.196999,0.97100002
"1006",55.3833,14.05,6141,201,-22,63,32,21,79.0625,8,18.58,188.39,71.308601,13.196999,0.97100002
"992",55.3833,14.05,6141,201,-22,63,32,21,79.0625,8,18.58,188.39,71.308601,13.196999,0.97100002
"5341",51.1,0.4,4761,218,10,76,43,21,71.040276,10,3.44,103.07,80.11,13.020199,1.36399996
"1166",56.7,16.5167,6556,211,-35,60,29,23,80.493057,7,26.59,173.87,72.491699,13.2472,0.861
"1366",59.7833,17.5833,7474,209,-74,71,27,31,71.301392,7,34.61,129.25,81.283096,13.4489,0.97799999
"1363",59.7833,17.5833,7474,209,-74,71,27,31,71.301392,7,34.61,129.25,81.283096,13.4489,0.97799999
"1317",59.5667,16.8667,7423,217,-71,71,27,30,71.301392,7,25.47,126.85,79.868896,13.409999,1.00199997
"1313",59.5667,16.8667,7423,217,-71,71,27,30,71.301392,7,25.47,126.85,79.868896,13.409999,1.00199997
"1312",59.5667,16.8667,7423,217,-71,71,27,30,71.301392,7,25.47,126.85,79.868896,13.409999,1.00199997
"1360",59.7833,17.5833,7474,209,-74,71,27,31,71.301392,7,34.61,129.25,81.283096,13.4489,0.97799999
"1362",59.7833,17.5833,7474,209,-74,71,27,31,71.301392,7,34.61,129.25,81.283096,13.4489,0.97799999
"1256",59.4333,17.0167,7365,215,-68,70,27,30,71.301392,7,25.57,132.06,78.910697,13.409999,0.97100002
"9342",57.7133,15.0689,6825,203,-68,74,36,23,69.29583,7,26.81,138.12,71.508598,13.3049,1.09399998
"9450",57.2545,18.2109,6390,203,-30,55,29,24,80.801392,7,33.84,199.27,74.007698,13.274299,0.87099999
"9437",56.1633,14.6806,6300,208,-27,66,34,21,70.53611,7,25.12,205.67,71.9972,13.220999,0.96600002
"9436",56.1633,14.6806,6300,208,-27,66,34,21,70.53611,7,25.12,205.67,71.9972,13.220999,0.96600002
"9434",62.8959,18.3659,8670,205,-129,75,38,24,74.995834,6,40.96,110.77,86.811302,13.8688,1.39600003
"9427",62.8815,18.4055,8658,205,-128,74,37,25,74.995834,6,40.96,110.77,86.811302,13.8688,1.39600003
"9421",55.97447,14.39966,6203,205,-25,66,33,21,79.0625,8,22.53,200.93,70.9589,13.2213,0.981
"9416",57.7215,18.3837,6381,202,-32,56,30,25,80.801392,7,29.08,164.24,75.196899,13.303899,0.93800002
"9413",57.2746,16.1494,6668,213,-42,62,31,21,76.534721,7,20.82,167.19,73.2928,13.274399,0.97500002
"9412",57.2746,16.1494,6668,213,-42,62,31,21,76.534721,7,20.82,167.19,73.2928,13.274399,0.97500002
"9411",57.2746,16.1494,6668,213,-42,62,31,21,76.534721,7,20.82,167.19,73.2928,13.274399,0.97500002
"9410",57.2746,16.1494,6668,213,-42,62,31,21,76.534721,7,20.82,167.19,73.2928,13.274399,0.97500002
"9408",56.04697,13.95193,6222,200,-33,73,38,21,72.743057,7,19.11,164.5,71.525199,13.2213,1.18499994
"9407",55.7491,13.399,6180,203,-27,68,35,21,71.57222,8,17.9,158.41,71.525199,13.197999,1.17200005
"9405",55.7491,13.399,6180,203,-27,68,35,21,71.57222,8,17.9,158.41,71.525199,13.197999,1.17200005
"9404",55.7491,13.399,6180,203,-27,68,35,21,71.57222,8,17.9,158.41,71.525199,13.197999,1.17200005
"9399",55.42339,13.99049,6120,202,-22,63,32,21,71.57222,8,18.58,188.39,71.872001,13.196999,0.995
"9392",57.3263,15.8979,6683,213,-45,64,32,21,69.29583,7,21.65,158.7,73.2928,13.274499,0.99299997
"9391",57.3263,15.8979,6683,213,-45,64,32,21,69.29583,7,21.65,158.7,73.2928,13.274499,0.99299997
"9390",57.3263,15.8979,6683,213,-45,64,32,21,69.29583,7,21.65,158.7,73.2928,13.274499,0.99299997
"9388",62.806,18.1896,8626,204,-126,76,39,24,74.995834,6,37.6,112.09,88.130798,13.7902,1.442
"9386",62.806,18.1896,8626,204,-126,76,39,24,74.995834,6,37.6,112.09,88.130798,13.7902,1.442
"9385",57.4104,15.5743,6728,211,-51,67,33,22,69.29583,7,25.71,146.23,70.558296,13.274499,1.023
"9384",57.4104,15.5743,6728,211,-51,67,33,22,69.29583,7,25.71,146.23,70.558296,13.274499,1.023
"9383",55.81064,14.20914,6138,203,-23,66,33,21,79.0625,8,20.22,181.7,70.9589,13.196999,0.97799999
"9382",55.81064,14.20914,6138,203,-23,66,33,21,79.0625,8,20.22,181.7,70.9589,13.196999,0.97799999
"9381",55.81064,14.20914,6138,203,-23,66,33,21,79.0625,8,20.22,181.7,70.9589,13.196999,0.97799999
"9380",55.7488,13.3742,6185,203,-28,68,35,22,71.57222,8,17.9,158.41,71.525199,13.199299,1.17200005
"9378",63.0165,18.3174,8719,205,-131,74,37,24,66.597221,6,43.9,96.62,88.130798,13.8688,1.41400003
"9371",63.016,18.3175,8719,205,-131,74,37,24,66.597221,6,43.9,96.62,88.130798,13.8688,1.41400003
"9367",57.6787,14.9981,6790,209,-62,71,34,23,69.29583,7,26.55,130.1,71.508598,13.3049,1.11000001
"9363",62.9147,18.4045,8649,209,-125,73,37,25,74.995834,6,40.96,110.77,86.811302,13.8688,1.39600003
"9356",62.8762,18.1746,8623,205,-128,75,38,24,74.995834,6,37.6,112.09,88.130798,13.869099,1.39499998
"9355",62.8762,18.1746,8623,205,-128,75,38,24,74.995834,6,37.6,112.09,88.130798,13.869099,1.39499998
"9354",62.8762,18.1746,8623,205,-128,75,38,24,74.995834,6,37.6,112.09,88.130798,13.869099,1.39499998
"9353",57.2608,16.3675,6635,213,-40,59,28,22,76.534721,7,20.82,167.19,73.290496,13.274399,0.88300002
"9352",57.2608,16.3675,6635,213,-40,59,28,22,76.534721,7,20.82,167.19,73.290496,13.274399,0.88300002
"9351",57.2608,16.3675,6635,213,-40,59,28,22,76.534721,7,20.82,167.19,73.290496,13.274399,0.88300002
"9344",57.3089,18.1512,6409,203,-30,55,28,24,80.801392,7,33.84,199.27,74.007698,13.274299,0.871
"9343",57.3089,18.1512,6409,203,-30,55,28,24,80.801392,7,33.84,199.27,74.007698,13.274299,0.871
"9339",57.7133,15.0689,6825,203,-68,74,36,23,69.29583,7,26.81,138.12,71.508598,13.3049,1.09399998
"9336",62.8794,18.4473,8670,209,-125,73,37,25,74.995834,6,40.96,110.77,86.811302,13.8688,1.39600003
"9332",62.8698,18.381,8683,207,-127,74,37,25,74.995834,6,40.96,110.77,86.811302,13.8688,1.39600003
"9323",62.8622,18.336,8647,204,-128,75,38,24,74.995834,6,40.96,110.77,88.130798,13.8688,1.39600003
"9321",62.8622,18.336,8647,204,-128,75,38,24,74.995834,6,40.96,110.77,88.130798,13.8688,1.39600003
"9482",55.42422,13.84837,6135,202,-22,63,33,21,71.57222,8,17.54,177.59,71.872001,13.197999,0.995
"9481",55.42422,13.84837,6135,202,-22,63,33,21,71.57222,8,17.54,177.59,71.872001,13.197999,0.995
"9472",56.0648,13.9707,6234,204,-30,71,36,21,72.743057,7,19.11,164.5,71.525199,13.2213,1.18499994
"9471",56.0648,13.9707,6234,204,-30,71,36,21,72.743057,7,19.11,164.5,71.525199,13.2213,1.18499994
"9470",57.6511,14.8043,6794,206,-66,74,35,23,69.29583,7,26.55,130.1,71.508598,13.3049,1.15900004
"9469",57.6511,14.8043,6794,206,-66,74,35,23,69.29583,7,26.55,130.1,71.508598,13.3049,1.15900004
"9455",57.8009,18.5162,6463,202,-34,57,29,25,80.801392,7,31.53,171.05,75.196899,13.303899,0.935
"9454",57.8009,18.5162,6463,202,-34,57,29,25,80.801392,7,31.53,171.05,75.196899,13.303899,0.935
"9453",57.8009,18.5162,6463,202,-34,57,29,25,80.801392,7,31.53,171.05,75.196899,13.303899,0.935
"9451",57.2545,18.2109,6390,203,-30,55,29,24,80.801392,7,33.84,199.27,74.007698,13.274299,0.87099999
"9419",58.1834,15.0062,6912,213,-65,70,31,25,70.440277,7,29.28,135.54,71.508598,13.3385,1.00699997
"9418",57.2164,18.154,6409,204,-30,55,28,24,80.801392,7,33.84,199.27,74.007698,13.274299,0.871
"9409",56.05727,14.30201,6235,204,-29,69,34,21,70.53611,7,23.58,192.69,70.9589,13.2213,0.99800003
"9402",57.8765,14.8549,6838,210,-64,71,33,24,69.29583,7,27.66,130.78,71.508598,13.3049,1.09000003
"9369",57.6781,14.9986,6790,209,-62,71,34,23,69.29583,7,26.55,130.1,71.508598,13.3049,1.11000001
"9349",58.2896,15.1265,6917,215,-63,69,29,27,70.440277,7,30.09,139.88,71.508598,13.3385,1.00699997
"9476",55.5796,14.3336,6075,201,-19,62,32,21,79.0625,8,21.5,204.83,70.9589,13.196999,0.98299998
"9433",62.9513,18.2763,8652,206,-128,74,37,24,74.995834,6,43.9,96.62,88.130798,13.8688,1.39499998
"9446",55.5678,14.3398,6065,200,-19,62,32,21,79.0625,8,21.5,204.83,70.9589,13.196999,0.983
"9443",55.5678,14.3398,6065,200,-19,62,32,21,79.0625,8,21.5,204.83,70.9589,13.196999,0.983
"9442",55.5678,14.3398,6065,200,-19,62,32,21,79.0625,8,21.5,204.83,70.9589,13.196999,0.983
"997",55.3833,14.05,6141,201,-22,63,32,21,79.0625,8,18.58,188.39,71.308601,13.196999,0.97100002
"996",55.3833,14.05,6141,201,-22,63,32,21,79.0625,8,18.58,188.39,71.308601,13.196999,0.97100002
"1026",55.7,14.2,6104,200,-23,65,33,21,79.0625,8,19.41,184.78,70.9589,13.196999,0.97799999
"1585",65.25,15.6,7584,165,-129,87,31,27,55.287498,4,72.49,69.07,80.192497,14.202899,1.50100005
"1435",62.8,18.2,8590,208,-122,74,38,25,74.995834,6,37.6,112.09,88.130798,13.7902,1.442
"1169",56.7,16.5167,6556,211,-35,60,29,23,80.493057,7,26.59,173.87,72.491699,13.2472,0.861
"1075",55.7167,14.1333,6139,201,-24,66,34,20,79.0625,8,19.41,184.78,70.9589,13.196999,1.05599999
"1132",56.6167,16.65,6559,212,-33,58,28,23,80.493057,7,29.26,192.85,72.491699,13.2475,0.86500001
"1064",55.7167,14.1333,6139,201,-24,66,34,20,79.0625,8,19.41,184.78,70.9589,13.196999,1.05599999
"1063",55.7167,14.1333,6139,201,-24,66,34,20,79.0625,8,19.41,184.78,70.9589,13.196999,1.05599999
"1062",55.7167,14.1333,6139,201,-24,66,34,20,79.0625,8,19.41,184.78,70.9589,13.196999,1.05599999
"1247",59.4333,17.0167,7365,215,-68,70,27,30,71.301392,7,25.57,132.06,78.910697,13.409999,0.97100002
"991",55.3833,14.05,6141,201,-22,63,32,21,79.0625,8,18.58,188.39,71.308601,13.196999,0.97100002
"1391",59.8,17.5833,7471,209,-73,71,27,31,71.301392,7,34.61,129.25,81.283096,13.4489,0.97799999
"1374",59.7833,17.5833,7474,209,-74,71,27,31,71.301392,7,34.61,129.25,81.283096,13.4489,0.97799999
"1318",59.5667,16.8667,7423,217,-71,71,27,30,71.301392,7,25.47,126.85,79.868896,13.409999,1.00199997
"1254",59.4333,17.0167,7365,215,-68,70,27,30,71.301392,7,25.57,132.06,78.910697,13.409999,0.97100002
"1163",56.7,16.5167,6556,211,-35,60,29,23,80.493057,7,26.59,173.87,72.491699,13.2472,0.861
"1153",56.7,16.5167,6556,211,-35,60,29,23,80.493057,7,26.59,173.87,72.491699,13.2472,0.861
"1073",55.7167,14.1333,6139,201,-24,66,34,20,79.0625,8,19.41,184.78,70.9589,13.196999,1.05599999
"1072",55.7167,14.1333,6139,201,-24,66,34,20,79.0625,8,19.41,184.78,70.9589,13.196999,1.05599999
"394",46.65,0.166667,5408,247,8,78,47,15,76.254166,8,4.76,210.94,78.076301,12.8694,1.02999997
"7",45.2667,1.48333,5489,256,0,95,58,12,78.943054,9,4.29,198.58,78.367698,12.819,1.15499997
"203",47.3833,5.31667,6318,250,-12,78,52,13,77.893059,9,11.31,207.69,81.966499,12.8871,1.11000001
"236",48.6667,-4.06667,3793,200,34,129,46,32,82.281944,15,0.82,290.55,80.650299,12.9236,1.62600005
"367",46.6667,4.11667,6050,246,-6,81,49,17,80.318054,9,8.52,184.64,81.849998,12.8695,0.963
"123",48.5167,-4.06667,3780,199,32,134,47,31,82.281944,15,1.21,267.01,80.650299,12.9236,1.62600005
"395",46.65,0.166667,5408,247,8,78,47,15,76.254166,8,4.76,210.94,78.076301,12.8694,1.02999997
"196",47.3833,5.31667,6318,250,-12,78,52,13,77.893059,9,11.31,207.69,81.966499,12.8871,1.11000001
"264",45.75,4.71667,6327,263,-11,82,48,19,80.281944,9,9.83,224.38,81.627502,12.835399,0.98199999
"185",47.3833,5.31667,6318,250,-12,78,52,13,77.893059,9,11.31,207.69,81.966499,12.8871,1.11000001
"297",46.6667,4.11667,6050,246,-6,81,49,17,80.318054,9,8.52,184.64,81.849998,12.8695,0.963
"318",46.6667,4.11667,6050,246,-6,81,49,17,80.318054,9,8.52,184.64,81.849998,12.8695,0.963
"323",46.6667,4.11667,6050,246,-6,81,49,17,80.318054,9,8.52,184.64,81.849998,12.8695,0.963
"79",45,1.75,5577,271,9,79,49,12,82.765274,9,4.5,196.49,78.367698,12.803,1.03900003
"198",47.3833,5.31667,6318,250,-12,78,52,13,77.893059,9,11.31,207.69,81.966499,12.8871,1.11000001
"371",46.6667,4.11667,6050,246,-6,81,49,17,80.318054,9,8.52,184.64,81.849998,12.8695,0.963
"280",46.6667,4.11667,6050,246,-6,81,49,17,80.318054,9,8.52,184.64,81.849998,12.8695,0.963
"12",45.2667,1.48333,5489,256,0,95,58,12,78.943054,9,4.29,198.58,78.367698,12.819,1.15499997
"347",46.6667,4.11667,6050,246,-6,81,49,17,80.318054,9,8.52,184.64,81.849998,12.8695,0.963
"268",45.5333,4.85,6354,265,-12,86,54,17,80.281944,9,9.18,220.65,81.627502,12.819,0.995
"288",46.6667,4.11667,6050,246,-6,81,49,17,80.318054,9,8.52,184.64,81.849998,12.8695,0.963
"377",46.6667,4.11667,6050,246,-6,81,49,17,80.318054,9,8.52,184.64,81.849998,12.8695,0.963
"252",48.6667,-4.06667,3793,200,34,129,46,32,82.281944,15,0.82,290.55,80.650299,12.9236,1.62600005
"296",46.6667,4.11667,6050,246,-6,81,49,17,80.318054,9,8.52,184.64,81.849998,12.8695,0.963
"341",46.6667,4.11667,6050,246,-6,81,49,17,80.318054,9,8.52,184.64,81.849998,12.8695,0.963
"156",48.5167,-4.06667,3780,199,32,134,47,31,82.281944,15,1.21,267.01,80.650299,12.9236,1.62600005
"397",46.65,0.166667,5408,247,8,78,47,15,76.254166,8,4.76,210.94,78.076301,12.8694,1.02999997
"263",46.65,-0.25,5306,241,9,88,47,18,80.11528,9,4.66,220.86,78.076301,12.8694,1.09899998
"48",48.2667,-4.58333,3562,199,38,141,48,32,82.281944,15,0.9,305.21,80.650299,12.905099,1.63999999
"45",48.2667,-4.58333,3562,199,38,141,48,32,82.281944,15,0.9,305.21,80.650299,12.905099,1.63999999
"210",47.3833,5.31667,6318,250,-12,78,52,13,77.893059,9,11.31,207.69,81.966499,12.8871,1.11000001
"83",45,1.75,5577,271,9,79,49,12,82.765274,9,4.5,196.49,78.367698,12.803,1.03900003
"372",46.6667,4.11667,6050,246,-6,81,49,17,80.318054,9,8.52,184.64,81.849998,12.8695,0.963
"393",46.65,0.166667,5408,247,8,78,47,15,76.254166,8,4.76,210.94,78.076301,12.8694,1.02999997
"205",47.3833,5.31667,6318,250,-12,78,52,13,77.893059,9,11.31,207.69,81.966499,12.8871,1.11000001
"87",45,1.75,5577,271,9,79,49,12,82.765274,9,4.5,196.49,78.367698,12.803,1.03900003
"62",48.2667,-4.58333,3562,199,38,141,48,32,82.281944,15,0.9,305.21,80.650299,12.905099,1.63999999
"309",46.6667,4.11667,6050,246,-6,81,49,17,80.318054,9,8.52,184.64,81.849998,12.8695,0.963
"222",47.3833,5.31667,6318,250,-12,78,52,13,77.893059,9,11.31,207.69,81.966499,12.8871,1.11000001
"160",47.3833,5.31667,6318,250,-12,78,52,13,77.893059,9,11.31,207.69,81.966499,12.8871,1.11000001
"229",47.3833,5.31667,6318,250,-12,78,52,13,77.893059,9,11.31,207.69,81.966499,12.8871,1.11000001
"369",46.6667,4.11667,6050,246,-6,81,49,17,80.318054,9,8.52,184.64,81.849998,12.8695,0.963
"227",47.3833,5.31667,6318,250,-12,78,52,13,77.893059,9,11.31,207.69,81.966499,12.8871,1.11000001
"230",47.3833,5.31667,6318,250,-12,78,52,13,77.893059,9,11.31,207.69,81.966499,12.8871,1.11000001
"217",47.3833,5.31667,6318,250,-12,78,52,13,77.893059,9,11.31,207.69,81.966499,12.8871,1.11000001
"194",47.3833,5.31667,6318,250,-12,78,52,13,77.893059,9,11.31,207.69,81.966499,12.8871,1.11000001
"391",46.65,0.166667,5408,247,8,78,47,15,76.254166,8,4.76,210.94,78.076301,12.8694,1.02999997
"340",46.6667,4.11667,6050,246,-6,81,49,17,80.318054,9,8.52,184.64,81.849998,12.8695,0.963
"167",47.3833,5.31667,6318,250,-12,78,52,13,77.893059,9,11.31,207.69,81.966499,12.8871,1.11000001
"266",48.65,-2,4305,213,30,84,42,21,72.699997,12,2.95,243.51,80.333999,12.923899,1.07200003
"208",47.3833,5.31667,6318,250,-12,78,52,13,77.893059,9,11.31,207.69,81.966499,12.8871,1.11000001
"335",46.6667,4.11667,6050,246,-6,81,49,17,80.318054,9,8.52,184.64,81.849998,12.8695,0.963
"213",47.3833,5.31667,6318,250,-12,78,52,13,77.893059,9,11.31,207.69,81.966499,12.8871,1.11000001
"388",46.6667,4.11667,6050,246,-6,81,49,17,80.318054,9,8.52,184.64,81.849998,12.8695,0.963
"331",46.6667,4.11667,6050,246,-6,81,49,17,80.318054,9,8.52,184.64,81.849998,12.8695,0.963
"216",47.3833,5.31667,6318,250,-12,78,52,13,77.893059,9,11.31,207.69,81.966499,12.8871,1.11000001
"277",46.6667,4.11667,6050,246,-6,81,49,17,80.318054,9,8.52,184.64,81.849998,12.8695,0.963
"85",45,1.75,5577,271,9,79,49,12,82.765274,9,4.5,196.49,78.367698,12.803,1.03900003
"310",46.6667,4.11667,6050,246,-6,81,49,17,80.318054,9,8.52,184.64,81.849998,12.8695,0.963
"389",46.6667,4.11667,6050,246,-6,81,49,17,80.318054,9,8.52,184.64,81.849998,12.8695,0.963
"387",46.6667,4.11667,6050,246,-6,81,49,17,80.318054,9,8.52,184.64,81.849998,12.8695,0.963
"191",47.3833,5.31667,6318,250,-12,78,52,13,77.893059,9,11.31,207.69,81.966499,12.8871,1.11000001
"224",47.3833,5.31667,6318,250,-12,78,52,13,77.893059,9,11.31,207.69,81.966499,12.8871,1.11000001
"82",45,1.75,5577,271,9,79,49,12,82.765274,9,4.5,196.49,78.367698,12.803,1.03900003
"225",47.3833,5.31667,6318,250,-12,78,52,13,77.893059,9,11.31,207.69,81.966499,12.8871,1.11000001
"295",46.6667,4.11667,6050,246,-6,81,49,17,80.318054,9,8.52,184.64,81.849998,12.8695,0.963
"169",47.3833,5.31667,6318,250,-12,78,52,13,77.893059,9,11.31,207.69,81.966499,12.8871,1.11000001
"375",46.6667,4.11667,6050,246,-6,81,49,17,80.318054,9,8.52,184.64,81.849998,12.8695,0.963
"292",46.6667,4.11667,6050,246,-6,81,49,17,80.318054,9,8.52,184.64,81.849998,12.8695,0.963
"215",47.3833,5.31667,6318,250,-12,78,52,13,77.893059,9,11.31,207.69,81.966499,12.8871,1.11000001
"337",46.6667,4.11667,6050,246,-6,81,49,17,80.318054,9,8.52,184.64,81.849998,12.8695,0.963
"320",46.6667,4.11667,6050,246,-6,81,49,17,80.318054,9,8.52,184.64,81.849998,12.8695,0.963
"171",47.3833,5.31667,6318,250,-12,78,52,13,77.893059,9,11.31,207.69,81.966499,12.8871,1.11000001
"346",46.6667,4.11667,6050,246,-6,81,49,17,80.318054,9,8.52,184.64,81.849998,12.8695,0.963
"151",48.5167,-4.06667,3780,199,32,134,47,31,82.281944,15,1.21,267.01,80.650299,12.9236,1.62600005
"137",48.5167,-4.06667,3780,199,32,134,47,31,82.281944,15,1.21,267.01,80.650299,12.9236,1.62600005
"291",46.6667,4.11667,6050,246,-6,81,49,17,80.318054,9,8.52,184.64,81.849998,12.8695,0.963
"385",46.6667,4.11667,6050,246,-6,81,49,17,80.318054,9,8.52,184.64,81.849998,12.8695,0.963
"84",45,1.75,5577,271,9,79,49,12,82.765274,9,4.5,196.49,78.367698,12.803,1.03900003
"349",46.6667,4.11667,6050,246,-6,81,49,17,80.318054,9,8.52,184.64,81.849998,12.8695,0.963
"219",47.3833,5.31667,6318,250,-12,78,52,13,77.893059,9,11.31,207.69,81.966499,12.8871,1.11000001
"322",46.6667,4.11667,6050,246,-6,81,49,17,80.318054,9,8.52,184.64,81.849998,12.8695,0.963
"204",47.3833,5.31667,6318,250,-12,78,52,13,77.893059,9,11.31,207.69,81.966499,12.8871,1.11000001
"273",46.6667,4.11667,6050,246,-6,81,49,17,80.318054,9,8.52,184.64,81.849998,12.8695,0.963
"212",47.3833,5.31667,6318,250,-12,78,52,13,77.893059,9,11.31,207.69,81.966499,12.8871,1.11000001
"146",48.5167,-4.06667,3780,199,32,134,47,31,82.281944,15,1.21,267.01,80.650299,12.9236,1.62600005
"348",46.6667,4.11667,6050,246,-6,81,49,17,80.318054,9,8.52,184.64,81.849998,12.8695,0.963
"157",48.5167,-4.06667,3780,199,32,134,47,31,82.281944,15,1.21,267.01,80.650299,12.9236,1.62600005
"214",47.3833,5.31667,6318,250,-12,78,52,13,77.893059,9,11.31,207.69,81.966499,12.8871,1.11000001
"316",46.6667,4.11667,6050,246,-6,81,49,17,80.318054,9,8.52,184.64,81.849998,12.8695,0.963
"186",47.3833,5.31667,6318,250,-12,78,52,13,77.893059,9,11.31,207.69,81.966499,12.8871,1.11000001
"314",46.6667,4.11667,6050,246,-6,81,49,17,80.318054,9,8.52,184.64,81.849998,12.8695,0.963
"293",46.6667,4.11667,6050,246,-6,81,49,17,80.318054,9,8.52,184.64,81.849998,12.8695,0.963
"183",47.3833,5.31667,6318,250,-12,78,52,13,77.893059,9,11.31,207.69,81.966499,12.8871,1.11000001
"287",46.6667,4.11667,6050,246,-6,81,49,17,80.318054,9,8.52,184.64,81.849998,12.8695,0.963
"290",46.6667,4.11667,6050,246,-6,81,49,17,80.318054,9,8.52,184.64,81.849998,12.8695,0.963
"168",47.3833,5.31667,6318,250,-12,78,52,13,77.893059,9,11.31,207.69,81.966499,12.8871,1.11000001
"343",46.6667,4.11667,6050,246,-6,81,49,17,80.318054,9,8.52,184.64,81.849998,12.8695,0.963
"153",48.5167,-4.06667,3780,199,32,134,47,31,82.281944,15,1.21,267.01,80.650299,12.9236,1.62600005
"339",46.6667,4.11667,6050,246,-6,81,49,17,80.318054,9,8.52,184.64,81.849998,12.8695,0.963
"60",48.2667,-4.58333,3562,199,38,141,48,32,82.281944,15,0.9,305.21,80.650299,12.905099,1.63999999
"174",47.3833,5.31667,6318,250,-12,78,52,13,77.893059,9,11.31,207.69,81.966499,12.8871,1.11000001
"88",47.4,0.683333,5560,252,10,66,46,11,75.354164,8,6.41,210.7,85.299201,12.8871,0.88700002
"359",46.6667,4.11667,6050,246,-6,81,49,17,80.318054,9,8.52,184.64,81.849998,12.8695,0.963
"298",46.6667,4.11667,6050,246,-6,81,49,17,80.318054,9,8.52,184.64,81.849998,12.8695,0.963
"162",47.3833,5.31667,6318,250,-12,78,52,13,77.893059,9,11.31,207.69,81.966499,12.8871,1.11000001
"311",46.6667,4.11667,6050,246,-6,81,49,17,80.318054,9,8.52,184.64,81.849998,12.8695,0.963
"329",46.6667,4.11667,6050,246,-6,81,49,17,80.318054,9,8.52,184.64,81.849998,12.8695,0.963
"175",47.3833,5.31667,6318,250,-12,78,52,13,77.893059,9,11.31,207.69,81.966499,12.8871,1.11000001
"163",47.3833,5.31667,6318,250,-12,78,52,13,77.893059,9,11.31,207.69,81.966499,12.8871,1.11000001
"77",48.8,2.26667,5618,237,3,62,47,8,73.112503,8,7.44,212.36,79.6026,12.923899,0.90700001
"302",46.6667,4.11667,6050,246,-6,81,49,17,80.318054,9,8.52,184.64,81.849998,12.8695,0.963
"231",47.3833,5.31667,6318,250,-12,78,52,13,77.893059,9,11.31,207.69,81.966499,12.8871,1.11000001
"148",48.5167,-4.06667,3780,199,32,134,47,31,82.281944,15,1.21,267.01,80.650299,12.9236,1.62600005
"106",48.5167,-4.06667,3780,199,32,134,47,31,82.281944,15,1.21,267.01,80.650299,12.9236,1.62600005
"283",46.6667,4.11667,6050,246,-6,81,49,17,80.318054,9,8.52,184.64,81.849998,12.8695,0.963
"184",47.3833,5.31667,6318,250,-12,78,52,13,77.893059,9,11.31,207.69,81.966499,12.8871,1.11000001
"122",48.5167,-4.06667,3780,199,32,134,47,31,82.281944,15,1.21,267.01,80.650299,12.9236,1.62600005
"170",47.3833,5.31667,6318,250,-12,78,52,13,77.893059,9,11.31,207.69,81.966499,12.8871,1.11000001
"396",46.65,0.166667,5408,247,8,78,47,15,76.254166,8,4.76,210.94,78.076301,12.8694,1.02999997
"275",46.6667,4.11667,6050,246,-6,81,49,17,80.318054,9,8.52,184.64,81.849998,12.8695,0.963
"244",48.6667,-4.06667,3793,200,34,129,46,32,82.281944,15,0.82,290.55,80.650299,12.9236,1.62600005
"116",48.5167,-4.06667,3780,199,32,134,47,31,82.281944,15,1.21,267.01,80.650299,12.9236,1.62600005
"364",46.6667,4.11667,6050,246,-6,81,49,17,80.318054,9,8.52,184.64,81.849998,12.8695,0.963
"121",48.5167,-4.06667,3780,199,32,134,47,31,82.281944,15,1.21,267.01,80.650299,12.9236,1.62600005
"165",47.3833,5.31667,6318,250,-12,78,52,13,77.893059,9,11.31,207.69,81.966499,12.8871,1.11000001
"32",48.2667,-4.58333,3562,199,38,141,48,32,82.281944,15,0.9,305.21,80.650299,12.905099,1.63999999
"201",47.3833,5.31667,6318,250,-12,78,52,13,77.893059,9,11.31,207.69,81.966499,12.8871,1.11000001
"326",46.6667,4.11667,6050,246,-6,81,49,17,80.318054,9,8.52,184.64,81.849998,12.8695,0.963
"368",46.6667,4.11667,6050,246,-6,81,49,17,80.318054,9,8.52,184.64,81.849998,12.8695,0.963
"332",46.6667,4.11667,6050,246,-6,81,49,17,80.318054,9,8.52,184.64,81.849998,12.8695,0.963
"361",46.6667,4.11667,6050,246,-6,81,49,17,80.318054,9,8.52,184.64,81.849998,12.8695,0.963
"202",47.3833,5.31667,6318,250,-12,78,52,13,77.893059,9,11.31,207.69,81.966499,12.8871,1.11000001
"200",47.3833,5.31667,6318,250,-12,78,52,13,77.893059,9,11.31,207.69,81.966499,12.8871,1.11000001
"257",46.65,-0.25,5306,241,9,88,47,18,80.11528,9,4.66,220.86,78.076301,12.8694,1.09899998
"80",45,1.75,5577,271,9,79,49,12,82.765274,9,4.5,196.49,78.367698,12.803,1.03900003
"9",45.2667,1.48333,5489,256,0,95,58,12,78.943054,9,4.29,198.58,78.367698,12.819,1.15499997
"187",47.3833,5.31667,6318,250,-12,78,52,13,77.893059,9,11.31,207.69,81.966499,12.8871,1.11000001
"89",48.7,1.98333,5490,238,5,58,44,9,71.686111,8,8.26,214.76,84.5186,12.923899,0.93699998
"207",47.3833,5.31667,6318,250,-12,78,52,13,77.893059,9,11.31,207.69,81.966499,12.8871,1.11000001
"69",48.2667,-4.58333,3562,199,38,141,48,32,82.281944,15,0.9,305.21,80.650299,12.905099,1.63999999
"188",47.3833,5.31667,6318,250,-12,78,52,13,77.893059,9,11.31,207.69,81.966499,12.8871,1.11000001
"306",46.6667,4.11667,6050,246,-6,81,49,17,80.318054,9,8.52,184.64,81.849998,12.8695,0.963
"360",46.6667,4.11667,6050,246,-6,81,49,17,80.318054,9,8.52,184.64,81.849998,12.8695,0.963
"237",48.6667,-4.06667,3793,200,34,129,46,32,82.281944,15,0.82,290.55,80.650299,12.9236,1.62600005
"327",46.6667,4.11667,6050,246,-6,81,49,17,80.318054,9,8.52,184.64,81.849998,12.8695,0.963
"261",46.65,-0.25,5306,241,9,88,47,18,80.11528,9,4.66,220.86,78.076301,12.8694,1.09899998
"86",45,1.75,5577,271,9,79,49,12,82.765274,9,4.5,196.49,78.367698,12.803,1.03900003
"228",47.3833,5.31667,6318,250,-12,78,52,13,77.893059,9,11.31,207.69,81.966499,12.8871,1.11000001
"190",47.3833,5.31667,6318,250,-12,78,52,13,77.893059,9,11.31,207.69,81.966499,12.8871,1.11000001
"74",48.2667,-4.58333,3562,199,38,141,48,32,82.281944,15,0.9,305.21,80.650299,12.905099,1.63999999
"8",45.2667,1.48333,5489,256,0,95,58,12,78.943054,9,4.29,198.58,78.367698,12.819,1.15499997
"4",45.2667,1.48333,5489,256,0,95,58,12,78.943054,9,4.29,198.58,78.367698,12.819,1.15499997
"159",47.35,3.93333,5834,230,-12,80,54,12,75.165276,9,8.64,198.59,81.353103,12.8871,1.03100002
"262",46.65,-0.25,5306,241,9,88,47,18,80.11528,9,4.66,220.86,78.076301,12.8694,1.09899998
"51",48.2667,-4.58333,3562,199,38,141,48,32,82.281944,15,0.9,305.21,80.650299,12.905099,1.63999999
"5",45.2667,1.48333,5489,256,0,95,58,12,78.943054,9,4.29,198.58,78.367698,12.819,1.15499997
"363",46.6667,4.11667,6050,246,-6,81,49,17,80.318054,9,8.52,184.64,81.849998,12.8695,0.963
"338",46.6667,4.11667,6050,246,-6,81,49,17,80.318054,9,8.52,184.64,81.849998,12.8695,0.963
"355",46.6667,4.11667,6050,246,-6,81,49,17,80.318054,9,8.52,184.64,81.849998,12.8695,0.963
"269",45.5333,4.85,6354,265,-12,86,54,17,80.281944,9,9.18,220.65,81.627502,12.819,0.995
"278",46.6667,4.11667,6050,246,-6,81,49,17,80.318054,9,8.52,184.64,81.849998,12.8695,0.963
"179",47.3833,5.31667,6318,250,-12,78,52,13,77.893059,9,11.31,207.69,81.966499,12.8871,1.11000001
"6",45.2667,1.48333,5489,256,0,95,58,12,78.943054,9,4.29,198.58,78.367698,12.819,1.15499997
"206",47.3833,5.31667,6318,250,-12,78,52,13,77.893059,9,11.31,207.69,81.966499,12.8871,1.11000001
"461",51.3,0.5,4780,218,10,67,39,17,71.040276,10,3.41,177.22,80.103698,13.020299,1.17299998
"466",51.3,0.5,4780,218,10,67,39,17,71.040276,10,3.41,177.22,80.103698,13.020299,1.17299998
"9490",55.9218,-3.17108,4230,192,0,70,43,16,63.013889,8,5.81,41.33,81.745697,13.2227,1.40799999
"9496",55.9212,-3.17857,4223,191,0,71,43,16,63.013889,8,5.81,41.33,81.745697,13.2227,1.40799999
"9504",55.8877,-3.16377,4227,189,-4,76,47,16,63.013889,8,5.81,41.33,80.246101,13.2227,1.21800005
"9499",55.8858,-3.16015,4227,189,-4,76,47,16,63.013889,8,5.81,41.33,80.246101,13.2227,1.21800005
"9308",57.9,-5.1525,3945,176,6,128,61,26,60.330555,7,7.43,137.42,84.338302,13.3049,4.16400003
"9305",55.9681,-3.21833,4279,193,1,68,41,17,63.013889,8,5.81,41.33,81.745697,13.2227,1.40799999
"9302",55.9681,-3.21833,4279,193,1,68,41,17,63.013889,8,5.81,41.33,81.745697,13.2227,1.40799999
"9309",57.9,-5.1525,3945,176,6,128,61,26,60.330555,7,7.43,137.42,84.338302,13.3049,4.16400003
"4980",51.3,0.5,4780,218,10,67,39,17,71.040276,10,3.41,177.22,80.103698,13.020299,1.17299998
"5444",54.6,-3.1,4535,184,-10,117,63,22,60.227779,8,5.12,207.64,80.364997,13.152799,6.41300011
"5394",54.4,-3,4614,188,-7,118,63,22,60.227779,8,7,165.85,80.364997,13.152799,6.15600014
"5461",54.4,-3,4614,188,-7,118,63,22,60.227779,8,7,165.85,80.364997,13.152799,6.15600014
"5494",54.6,-3.3,4487,188,-3,108,57,22,60.227779,8,5.12,207.64,81.769401,13.152799,6.56699991
"5398",54.4,-3,4614,188,-7,118,63,22,60.227779,8,7,165.85,80.364997,13.152799,6.15600014
"5466",54.4,-3,4614,188,-7,118,63,22,60.227779,8,7,165.85,80.364997,13.152799,6.15600014
"5450",54.4,-3,4614,188,-7,118,63,22,60.227779,8,7,165.85,80.364997,13.152799,6.15600014
"4675",50.4,-4.7,4235,193,21,127,61,27,77.316666,14,2.01,193.01,78.076896,12.9806,2.08400011
"4632",50.4,-4.7,4235,193,21,127,61,27,77.316666,14,2.01,193.01,78.076896,12.9806,2.08400011
"5769",51.3,1,4806,209,8,72,42,17,71.040276,12,3.48,111.54,80.103698,13.0205,1.19700003
"4757",50.4,-4.7,4235,193,21,127,61,27,77.316666,14,2.01,193.01,78.076896,12.9806,2.08400011
"4827",50.4,-4.9,4311,195,21,127,61,28,77.316666,14,2.01,193.01,78.408798,12.9806,1.972
"4820",50.4,-4.9,4311,195,21,127,61,28,77.316666,14,2.01,193.01,78.408798,12.9806,1.972
"5159",51.3,0.4,4813,218,9,68,40,17,71.040276,10,3.41,177.22,80.103698,13.020199,1.17299998
"5759",52.6,1.3,4838,210,8,64,41,13,66.523613,10,3.83,178.51,80.717102,13.0832,1.05999994
"5739",52.2,1.4,4688,202,3,62,38,17,66.523613,10,4.43,73.54,80.208702,13.061699,1.01699996
"5738",54.1,-1.6,4545,196,1,75,55,12,68.631943,8,5.84,174.86,79.049797,13.128299,1.37300003
"5770",55.3,-1.9,4195,180,-7,79,51,14,74.599998,9,6.37,90.85,79.546699,13.1996,1.67999995
"5826",56.7333,-5.98333,3898,166,4,222,89,29,60.950001,8,3.79,148.96,83.463401,13.246999,4.62099981
"5745",51,-1.5,4630,219,12,82,44,21,79.26667,12,3.85,184.47,79.981697,13.0206,1.301
"5744",55.4,-2.8,4516,186,-15,97,60,16,63.013889,8,9.46,101.88,80.241401,13.2003,2.14899993
"5774",51.1,0.6,4833,214,9,76,44,20,71.040276,10,3.44,103.07,80.11,13.020299,1.23000002
"5760",53,-1.1,4964,213,0,64,49,7,64.487503,9,5.25,92.78,79.009597,13.083,1.07200003
"5746",51.3,0.3,4836,219,9,69,41,17,71.040276,10,4.25,194.04,80.173301,13.020199,1.28499997
"5762",55.6,-3.2,4381,163,-32,148,82,20,63.013889,8,7.92,8.78,80.246101,13.199399,3.14499998
"5711",54.8,-3.3,4425,190,0,104,54,21,60.227779,8,5.31,190.28,81.745903,13.1765,3.79099989
"5802",52.3,-1.6,4587,208,3,61,40,11,64.487503,9,5.59,120.96,80.791,13.0618,1.07000005
"5740",51.3,0.9,4804,213,11,69,40,17,71.040276,10,3.17,172.01,80.103698,13.020299,1.19700003
"5716",55.6,-3.5,4226,179,-9,111,62,19,63.013889,8,6.93,32.63,81.058998,13.197999,2.62599993
"5772",54.1,-2.3,4555,185,-7,153,77,22,60.227779,8,6.57,152.28,79.730003,13.1295,3.56599998
"5722",51.2,1,4763,206,7,77,46,18,71.040276,12,3.72,123.1,77.992301,13.0205,1.19700003
"5751",57.3,-5.7,4021,167,0,200,81,29,60.330555,8,5.56,205.15,83.6352,13.274499,4.83300018
"5721",55.2,-2,4293,180,-10,81,53,14,74.599998,9,6.37,90.85,79.546699,13.176899,1.875
"5812",52.1,-2.3,4514,205,9,67,44,12,63.09861,9,4.77,155.74,80.939201,13.0621,1.153
"5792",50.8,-0.7,4767,220,7,90,49,22,79.26667,12,3.03,193.24,79.894897,13.000399,1.25899994
"5735",52.3,-1.7,4576,205,1,64,44,11,64.487503,9,5.59,120.96,79.384803,13.0618,1.097
"5767",54.6,-2.8,4560,180,-17,127,68,22,60.227779,8,10.26,99.69,80.364997,13.1538,3.11500001
"5817",52.3,-1.5,4667,210,3,60,39,11,64.487503,9,5.59,120.96,80.791,13.0618,1.07000005
"5807",51.8,-0.5,5076,218,-3,67,43,11,65.756943,10,5.98,193.32,78.836502,13.040599,1.26100004
"5777",51.1,0.7,4792,214,10,76,44,20,71.040276,10,3.5,124.26,80.11,13.020299,1.19099998
"5736",51.3,0.5,4780,218,10,67,39,17,71.040276,10,3.41,177.22,80.103698,13.020299,1.17299998
"5763",51.2,0.4,4795,220,11,71,40,19,71.040276,10,3.44,103.07,80.103698,13.020199,1.17299998
"5813",52,-2.4,4479,206,11,70,45,13,64.805557,10,5.23,133.25,80.939201,13.041099,1.20099998
"5741",56.6,-4.1,4816,188,-18,141,64,25,60.950001,6,7.96,84.42,82.008399,13.246999,3.66100001
"5731",54.9,-2.9,4640,195,-4,86,45,21,60.227779,8,5.72,193.49,81.520797,13.1765,1.62199998
"5819",55.9,-3.2,4201,189,-3,76,47,15,63.013889,8,5.81,41.33,80.246101,13.2227,1.40799999
"5724",51.4,0.1,4841,224,11,65,41,14,71.040276,10,5.46,219.83,80.173301,13.020199,1.04799998
"5789",51.3,-0.5,5076,226,1,65,40,14,65.756943,9,3.68,67.89,80.225196,13.020199,1.15100002
"5141",52.2,-1.7,4588,209,4,60,38,12,64.487503,9,6.58,170.58,80.791,13.0618,1.097
"5175",51.3,0.4,4813,218,9,68,40,17,71.040276,10,3.41,177.22,80.103698,13.020199,1.17299998
"5145",52.2,-1.7,4588,209,4,60,38,12,64.487503,9,6.58,170.58,80.791,13.0618,1.097
"5469",54.4,-3,4614,188,-7,118,63,22,60.227779,8,7,165.85,80.364997,13.152799,6.15600014
"5106",51.3,0.5,4780,218,10,67,39,17,71.040276,10,3.41,177.22,80.103698,13.020299,1.17299998
"5299",51.3,1.1,4758,212,14,68,37,18,71.040276,12,3.48,111.54,79.939697,13.0205,1.24100006
"5335",51.1,0.4,4761,218,10,76,43,21,71.040276,10,3.44,103.07,80.11,13.020199,1.36399996
"7121",50,8.5,6552,243,-22,66,37,18,74.673615,9,17.46,196.89,83.736,12.981499,0.81699997
"7106",51.051,13.7336,6822,234,-30,78,32,28,69.230553,7,25.58,180.46,81.952003,13.0205,0.82499999
"7104",49.4167,16.2667,6953,217,-61,89,31,40,74.837502,8,32.73,182.5,74.044799,12.961799,0.89600003
"7113",50.3,6.3,5701,192,-30,116,69,15,68.619446,8,14.45,202.69,78.751899,12.980899,1.61199999
"7116",51.4599,12.6327,6731,235,-28,63,30,25,69.230553,7,18.14,63.71,82.033203,13.020899,0.76700002
"7149",50.3,8,6091,214,-29,73,48,13,68.24028,8,19.41,182.44,79.509201,12.981499,1.01800001
"7228",50.3833,8.0666,6228,233,-18,63,39,15,68.24028,8,19.41,182.44,79.509201,12.981499,0.93900001
"7301",41.5,2.25,5313,273,53,86,32,26,95.711113,8,0.19,310.54,64.327903,12.715499,0.59200001
"7109",51.3,0.5,4780,218,10,67,39,17,71.040276,10,3.41,177.22,80.103698,13.020299,1.17299998
"6987",48.0683,7.62551,6366,246,-12,92,40,28,74.638886,9,11.54,140.74,82.327301,12.9054,1.01999998
"7028",49.5166,9.3166,6545,235,-29,85,47,19,74.673615,8,16.61,196.53,80.858497,12.9614,1.11600006
"7029",49.5166,9.3166,6545,235,-29,85,47,19,74.673615,8,16.61,196.53,80.858497,12.9614,1.11600006
"7030",49.5166,9.3166,6545,235,-29,85,47,19,74.673615,8,16.61,196.53,80.858497,12.9614,1.11600006
"7013",52.4584,13.287,6916,238,-34,70,36,21,68.056946,7,17.09,167.76,80.529197,13.062,0.81199998
"7017",41.6833,2.8,5312,276,53,108,27,33,95.711113,10,0.12,271.82,73.542098,12.715499,0.70499998
"7032",50.0167,8.6667,6474,246,-22,71,41,16,68.24028,9,17.38,197.01,79.9151,12.980999,0.90100002
"7073",53.7502,34.7361,9773,234,-120,82,25,34,73.02639,7,85.77,158.49,71.075401,13.126999,1.00800002
"242",48.6667,-4.06667,3793,200,34,129,46,32,82.281944,15,0.82,290.55,80.650299,12.9236,1.62600005
"104",48.5167,-4.06667,3780,199,32,134,47,31,82.281944,15,1.21,267.01,80.650299,12.9236,1.62600005
"282",46.6667,4.11667,6050,246,-6,81,49,17,80.318054,9,8.52,184.64,81.849998,12.8695,0.963
"96",47.7,6.81667,6400,240,-24,94,66,12,78.190277,8,14.46,200.85,82.044601,12.8872,1.44599998
"23",48.2667,-4.58333,3562,199,38,141,48,32,82.281944,15,0.9,305.21,80.650299,12.905099,1.63999999
"6938",55.7522,37.6322,9800,232,-122,89,33,30,73.283333,7,84.12,160.29,71.597503,13.2003,1.14300001
"8304",52,5,5320,213,-3,81,46,16,69.599998,9,9.04,198.42,79.222198,13.040599,1.29799998
"8386",58.9,11.2,6663,199,-40,91,39,27,73.202774,7,23.82,212.91,81.865196,13.3745,1.35099995
"8348",50.5,8.5,6322,227,-25,70,46,11,68.24028,9,18.89,191.02,78.895401,13.0009,1.04200006
"6039",56.1,13.74,6245,203,-33,74,38,22,72.743057,7,19.11,164.5,71.525199,13.221899,1.26300001
"1416",62.8,18.2,8590,208,-122,74,38,25,74.995834,6,37.6,112.09,88.130798,13.7902,1.442
"6237",62.9619,18.35,8686,204,-130,74,37,24,74.995834,6,43.9,96.62,86.811302,13.8688,1.39600003
"6226",62.7994,17.9033,8423,204,-122,75,39,24,68.158333,6,33.9,112.46,88.130798,13.7902,1.42799997
"6184",62.8892,18.4522,8670,209,-125,73,36,25,74.995834,6,40.96,110.77,86.811302,13.8688,1.39600003
"6174",62.8719,18.3422,8650,203,-130,75,38,24,74.995834,6,40.96,110.77,86.811302,13.8688,1.39600003
"6172",62.8717,18.3436,8650,203,-130,75,38,24,74.995834,6,40.96,110.77,86.811302,13.8688,1.39600003
"6171",62.8717,18.3444,8650,203,-130,75,38,24,74.995834,6,40.96,110.77,86.811302,13.8688,1.39600003
"6170",62.8717,18.3442,8650,203,-130,75,38,24,74.995834,6,40.96,110.77,86.811302,13.8688,1.39600003
"6151",55.6528,13.2244,6169,203,-26,67,34,22,71.57222,8,16.05,154.32,71.894096,13.199299,1.07799995
"6150",55.9261,13.5319,6179,200,-32,73,38,21,71.57222,8,17.22,157.62,71.525199,13.221899,1.24399996
"6149",55.9281,13.5481,6193,201,-31,73,38,22,71.57222,8,17.22,157.62,71.525199,13.221899,1.24399996
"6148",55.9319,13.5508,6195,201,-31,72,38,21,71.57222,8,17.22,157.62,71.525199,13.221899,1.24399996
"6147",55.9425,13.5675,6183,199,-33,74,38,22,71.57222,8,17.22,157.62,71.525199,13.221899,1.24399996
"6146",55.9575,13.5686,6197,199,-33,74,39,21,71.57222,8,17.22,157.62,71.525199,13.221899,1.24399996
"6145",55.9497,13.5533,6190,200,-33,73,38,21,71.57222,8,17.22,157.62,71.525199,13.221899,1.24399996
"6144",55.9506,13.5361,6182,199,-33,74,39,22,71.57222,8,17.22,157.62,71.525199,13.221899,1.24399996
"6142",55.9428,13.5558,6190,200,-33,73,38,21,71.57222,8,17.22,157.62,71.525199,13.221899,1.24399996
"6141",55.9414,13.5542,6195,200,-32,73,38,22,71.57222,8,17.22,157.62,71.525199,13.221899,1.24399996
"6137",55.9419,13.5603,6190,200,-33,74,38,22,71.57222,8,17.22,157.62,71.525199,13.221899,1.24399996
"6136",55.9336,13.5519,6195,200,-32,73,38,22,71.57222,8,17.22,157.62,71.525199,13.221899,1.24399996
"6131",55.8369,13.3181,6196,201,-31,71,37,22,71.57222,8,17.9,158.41,71.525199,13.222599,1.27999997
"6134",55.8383,13.2906,6191,201,-31,71,37,21,71.57222,8,17.9,158.41,71.894096,13.222599,1.27999997
"6133",55.8364,13.2906,6191,201,-31,71,37,21,71.57222,8,17.9,158.41,71.894096,13.222599,1.27999997
"6132",55.8386,13.3186,6196,201,-31,71,37,22,71.57222,8,17.9,158.41,71.525199,13.222599,1.27999997
"6129",55.8544,13.2875,6207,201,-32,71,37,21,71.57222,8,17.9,158.41,71.894096,13.222599,1.27999997
"6128",55.8397,13.2881,6191,201,-31,71,37,21,71.57222,8,17.9,158.41,71.894096,13.222599,1.27999997
"6127",55.8428,13.3058,6173,201,-31,71,37,22,71.57222,8,17.9,158.41,71.525199,13.222599,1.27999997
"6126",55.8411,13.3047,6187,201,-31,71,37,22,71.57222,8,17.9,158.41,71.525199,13.222599,1.27999997
"6125",55.8403,13.3106,6178,201,-31,71,37,22,71.57222,8,17.9,158.41,71.525199,13.222599,1.27999997
"6124",55.8378,13.3092,6178,201,-31,71,37,22,71.57222,8,17.9,158.41,71.525199,13.222599,1.27999997
"6123",55.8369,13.3033,6187,201,-31,71,37,22,71.57222,8,17.9,158.41,71.525199,13.222599,1.27999997
